,A,R,N,D,C,Q,E,G,H,I,L,K,M,F,P,S,T,W,Y,V
A,7,-3,-3,-3,-1,-2,-2,0,-3,-3,-3,-1,-2,-4,-1,2,0,-5,-4,-1
R,-3,9,-1,-3,-6,1,-1,-4,0,-5,-4,3,-3,-5,-3,-2,-2,-5,-4,-4
N,-3,-1,9,2,-5,0,-1,-1,1,-6,-6,0,-4,-6,-4,1,0,-7,-4,-5
D,-3,-3,2,10,-7,-1,2,-3,-2,-7,-7,-2,-6,-6,-3,-1,-2,-8,-6,-6
C,-1,-6,-5,-7,13,-5,-7,-6,-7,-2,-3,-6,-3,-4,-6,-2,-2,-5,-5,-2
Q,-2,1,0,-1,-5,9,3,-4,1,-5,-4,2,-1,-5,-3,-1,-1,-4,-3,-4
E,-2,-1,-1,2,-7,3,8,-4,0,-6,-6,1,-4,-6,-2,-1,-2,-6,-5,-4
G,0,-4,-1,-3,-6,-4,-4,9,-4,-7,-7,-3,-5,-6,-5,-1,-3,-6,-6,-6
H,-3,0,1,-2,-7,1,0,-4,12,-6,-5,-1,-4,-2,-4,-2,-3,-4,3,-5
I,-3,-5,-6,-7,-2,-5,-6,-7,-6,7,2,-5,2,-1,-5,-4,-2,-5,-3,4
L,-3,-4,-6,-7,-3,-4,-6,-7,-5,2,6,-4,3,0,-5,-4,-3,-4,-2,1
K,-1,3,0,-2,-6,2,1,-3,-1,-5,-4,8,-3,-5,-2,-1,-1,-6,-4,-4
M,-2,-3,-4,-6,-3,-1,-4,-5,-4,2,3,-3,9,0,-4,-3,-1,-3,-3,1
F,-4,-5,-6,-6,-4,-5,-6,-6,-2,-1,0,-5,0,10,-6,-4,-4,0,4,-2
P,-1,-3,-4,-3,-6,-3,-2,-5,-4,-5,-5,-2,-4,-6,12,-2,-3,-7,-6,-4
S,2,-2,1,-1,-2,-1,-1,-1,-2,-4,-4,-1,-3,-4,-2,7,2,-6,-3,-3
T,0,-2,0,-2,-2,-1,-2,-3,-3,-2,-3,-1,-1,-4,-3,2,8,-5,-3,0
W,-5,-5,-7,-8,-5,-4,-6,-6,-4,-5,-4,-6,-3,0,-7,-6,-5,16,3,-5
Y,-4,-4,-4,-6,-5,-3,-5,-6,3,-3,-2,-4,-3,4,-6,-3,-3,3,11,-3
V,-1,-4,-5,-6,-2,-4,-4,-6,-5,4,1,-4,1,-2,-4,-3,0,-5,-3,7
,,,,,,,,,,,,,,,,,,,,
YP_009273004.1,AATLQAGLAK,GVTLQSRTQK,VATIQSNMTD,NTVLQAVASE,PVKLQNNELM,TVRLHAGSAT,EVSLHANDDC,SATLQSVGTC,KPKTQSAAAV,FTKLQSLENV,YPQLQSKQDW,,,,,,,,,
APT69884.1,GSTLQAGLRK,GINLQSGKTT,VSTVQSKLTD,DSILQSVASS,VVKLQNNEIM,TVRLQAGKQT,RTAIQSFDSS,STVLQAAGLC,MTDLQSESSC,DVNLQGLENI,YPQLQSAEWK,,,,,,,,,
QHA24664.1,GSTLQAGLRK,GVNLQSGKTT,VSTVQSKLTD,DAILQSVASS,VVKLQNNEIM,TVRLQAGKQT,RTAIQSFDNS,STVLQAAGLC,MIDLQSENSC,EVNLQGLENI,YPQLQSAEWK,,,,,,,,,
ALK43112.1,GSTLQAGLRK,GVNLQSGKTT,VSTVQSKLTD,DAILQSVASS,VVKLQNNEIM,TVRLQAGKQT,RTAIQSFDNS,STVLQAAGLC,MTDLQSENSC,EVNLQGLENI,YPQLQSAEWC,,,,,,,,,
APD51505.1,GSTLQAGLRK,GVNLQSGKTT,VSTVQSKLTD,DAILQSVASS,VVKLQNNEIM,TVRLQAGKQT,RTAIQSFDNS,STVLQAAGLC,MTDLQSENSC,EVNLQGLENI,YPQLQSAEWK,,,,,,,,,
APD51497.1,GSTLQAGLRK,GVNLQSGKTT,VSTVQSKLTD,DAILQSVASS,VVKLQNNEIM,TVRLQAGKQT,RTAIQSFDSS,STVLQAAGLC,MTDLQSENSC,EVNLQGLENI,YPQLQSAEWK,,,,,,,,,
AOI28258.1,GSTLQAGLRK,GVNLQSGKTT,VSTVQSKLTD,DSILQSVASS,VVKLQNNEIM,TVRLQAGKQT,RTAIQSFDNS,STVLQAAGLC,MTDLQSENSC,EVNLQGLENI,YPQLQSAEWC,,,,,,,,,
ALA50108.1,GSTLQAGLRK,GVNLQSGKTT,VSTVQSKLTD,DSILQSVASS,VVKLQNNEIM,TVRLQAGKQT,RTAIQSFDNS,STVLQAAGLC,MTDLQSENSC,EVNLQGLENI,YPQLQSAEWK,,,,,,,,,
AGW80946.1,GSTLQAGLRK,GVNLQSGKTT,VSTVQSKLTD,DSILQSVASS,VVKLQNNEIM,TVRLQAGKQT,RTAIQSFDNS,STVLQAAGLC,MTDLQSESSC,EVNLQGLENI,YPQLQSAEWK,,,,,,,,,
ALK43113.1,GSTLQAGLRK,GVNLQSGKTT,VSTVQSKLTD,DSILQSVASS,VVKLQNNEIM,TVRLQAGKQT,RTAIQSFDSS,STVLQAAGLC,MADLQSENSC,EVNLQGLENI,YPQLQSAEWC,,,,,,,,,
AOG74782.1,GSTLQAGLRK,GVNLQSGKTT,VSTVQSKLTD,DSILQSVASS,VVKLQNNEIM,TVRLQAGKQT,RTAIQSFDSS,STVLQAAGLC,MTDLQSESSC,DVNLQGLENI,YPQLQSAEWC,,,,,,,,,
AGT21344.1,GSTLQAGLRK,GVNLQSGKTT,VSTVQSKLTD,DSILQSVASS,VVKLQNNEIM,TVRLQAGKQT,RTAIQSFDSS,STVLQAAGLC,MTDLQSESSC,DVNLQGLENI,YPQLQSAEWK,,,,,,,,,
ALK43114.1,GSTLQAGLRK,GVNLQSGRTT,VSTVQSKLTD,DTILQSVASS,VVKLQNNEIM,TVRLQAGKQT,RTAIQSFDNS,STVLQAAGLC,MTDLQSENSC,EVNLQGLENI,YPQLQSAEWC,,,,,,,,,
AVM87573.1,ITKLQAGFRR,GVKVQSFKVK,ISTIQSQLTD,NSVLQACLSE,QCVLQNNEYI,TVKVQAGTIA,QVTIQSDSNF,VTKLQSSGVC,VATLQNKTMS,LPAHQAKSLE,YPKIQSGTFV,,,,,,,,,
YP_002308478.1,KAKLQAGIKI,PITLQSGVVK,VSTVQNKLLD,KLVLQAVVDA,VPQIQNNELC,TTILQANGTQ,GTILQNSPYL,SPTLQASGVC,PMTLQSSEDT,FTNLQNLENL,YPIVQSLTNG,,,,,,,,,
ACJ12043.1,KAKLQAGIKI,PITLQSGVVK,VSTVQNKLLD,KLVLQAVVDA,VPQIQNNELC,TTILQANGTQ,GTTLQNSPYL,SPTLQASGVC,PMKLQSSEDT,FTNLQNLENL,YPIVQSLTNG,,,,,,,,,
ASK86333.1,KTKLQAGIKI,PISLQSGVVK,VSTVQNKILD,KAVVQAAADI,VPQLQNNELC,TTILQASGTQ,GSSLQNSAYL,SPTLQASGVC,DSQLQSSAEK,FTNLQNLENL,YPILQSLTNG,,,,,,,,,
AML83915.1,KTKLQAGIKI,PISLQSGVVK,VSTVQNKILD,KAVVQAVADI,VPQLQNNELC,TTILQASGTQ,GSSLQNSAYF,SPTLQASGVC,DSQLQSSAEK,FTNLQNLENL,YPILQSLTNG,,,,,,,,,
AKQ63082.1,KTKLQAGIKI,PISLQSGVVK,VSTVQNKILD,KAVVQAVADI,VPQLQNNELC,TTILQASGTQ,GSSLQNSAYL,SPTLQASGVC,DSQLQSSAEK,FTNLQNLENL,YPILQSLTNG,,,,,,,,,
AVZ61080.1,KTKLQAGIKI,PISLQSGVVK,VSTVQNKILD,KAVVQAVADI,VPQLQNNELC,TTILQASGTQ,GSSLQNSAYL,SPTLQASGVC,DSQLQSSVEK,FTNLQNLENL,YPILQSLTNG,,,,,,,,,
YP_002308496.1,KTKLQAGIKI,PITLQSGIVQ,ISTVQNKILD,KLVLQAVVDA,IPQIQNNELC,TTILQANGTQ,GSALQSSPYL,SPTLQASGVC,PMKVQSSEDT,FTNLQNLENL,YPIVQSLTNG,,,,,,,,,
ADV71773.1,LVDYMAGFKK,GVRLQSSIVR,IATVQSKLSD,STVLQSVTQE,DAALRNNELM,VVVLQSKGHE,NPFVQSVAGA,PTTLQSCGVC,ETSLQGTGLF,FSALQSIDNI,YPQLQSAWTC,,,,,,,,,
ARI44793.1,NSSLQSGLKK,GVNLQSSKKA,VSTVQSKLTD,NSMLQSVANT,VVKLQNNEII,TVRVQAGKQT,RTSVQSLDTG,STVLQAAGLC,ISDLQAENGC,SSNLQGLENI,YPQLQSAEWK,,,,,,,,,
AID16673.1,NSSLQSGLKK,GVSLQSSKKS,ISTVQSKLTD,NSILQSVANT,IVKLQNNEII,TVRLQAGKQT,RTCMQSMDTG,STILQAAGLC,ISDLQADNGC,SSNLQGLENI,YPQLQSAEWK,,,,,,,,,
QGX41944.1,NSSLQSGLRK,GVTLQSGKVS,ISSVQSKLTD,NSVLQSVAAT,IVKLQNNEII,TIRLQAGKQT,RSVMQSVDNG,SSVLQAAGLC,ISDLQSGVSC,NPNLQGLENI,YPQLQSSEWK,,,,,,,,,
QJF53984.1,NSTLQAGLKK,GVNIQSTKTS,VSTVQSKLTD,RNVLQRVASA,VVKLQNNEII,TVRLQAGKQT,RSSVQSTDQA,STVLQAAGMC,QSDLQSTIGG,DTNLQGLENI,YPQLQSAEWK,,,,,,,,,
AVM80473.1,NSTLQAGLKK,GVNIQSTKTS,VSTVQSKLTD,RNVLQSVASA,VVKLQNNEII,TVRLQAGKQI,RSSVQSTDQA,STVLQAAGMC,QSDLQSTIGG,DTNLQGLENI,YPQLQSAEWK,,,,,,,,,
ABQ57223.1,NSTLQAGLKK,GVNIQSTKTS,VSTVQSKLTD,RNVLQSVASA,VVKLQNNEII,TVRLQAGKQT,RSSVQSTDQA,STVLQAAGMC,QSDLQSNIGG,DTNLQGLENI,YPQLQSAEWK,,,,,,,,,
AVM80464.1,NSTLQAGLKK,GVNIQSTKTS,VSTVQSKLTD,RNVLQSVASA,VVKLQNNEII,TVRLQAGKQT,RSSVQSTDQA,STVLQAAGMC,QSDLQSTIGG,DTNLQGLENI,YPQLQSAEWK,,,,,,,,,
AVM80498.1,NSTLQAGLKK,GVNIQSTKTS,VSTVQSKLTD,RNVLQSVASA,VVKLQNNEII,TVRLQAGKQT,RSSVQSTDQA,STVLQAAGMC,QSNLQSTIGG,DTNLQGLENI,YPQLQSAEWK,,,,,,,,,
AWJ64262.1,NSTLQAGLKK,GVNIQSTKTS,VSTVQSKLTD,RNVLQSVASA,VVKLQNNEII,TVRLQAGKQT,RSSVQSTDSG,STVLQAAGMC,QSDLQSTIGG,DTNLQGLENI,YPQLQSAEWK,,,,,,,,,
ASL24651.1,NSTLQAGLKK,GVNLQSGIIS,ISTVQSKLTD,NTVLQAVATT,IVKLQNNEVM,TVRLQAGKQT,TSIVQSFDSS,SAVLQSAGLC,LSDLQAQTDG,KPNLQGLENI,YPQLQSAEWK,,,,,,,,,
YP_009328933.1,NSTLQAGLKK,GVNLQSGKVN,ISTVQSKLTD,SSTLQSVASS,VVKLQNNEIM,TIRLQAGKQT,RTTVQSFDMS,STVLQAAGLC,QSDLQSVDQA,ETNLQSLENI,YPQLQSADWK,,,,,,,,,
QGX41956.1,NSTLQAGLRK,GVNIQSSKKV,ISTVQSALSD,TTLLQSVAST,MVKLQNNEIM,TVRLQAGRQT,RVHLQTTDQA,SVVLQSAGLC,MSDLQSGDGC,NSNLQGLENI,YPQLQSAEWK,,,,,,,,,
NP_598309.2,NSTLQAGLRK,GVNLQGGYVS,ISSVQSKLTD,NSMLQSVAST,IVKLQNNEII,TVRLQAGKQT,RSIMQSTDMA,SAVLQSAGLC,LSDLQANEGC,SNNLQGLENI,YPQLQASEWK,,,,,,,,,
AJH76956.1,NSTLQAGLRK,GVNLQGGYVS,ISSVQSKLTD,NSMLQSVAST,IVKLQNNEII,TVRLQAGKQT,RSIMQSTDYG,SAVLQSAGLC,LSDLQANEGC,SNNLQGLENI,YPQLQASEWK,,,,,,,,,
APG77337.1,NSTLQAGLRK,GVNLQSGYVS,ISSVQSKLTD,NSMLQSVAST,IVKLQNNEII,TVRLQAGKQT,RSIMQSTDMA,SAVLQSAGLC,LSDLQANEGC,SNNLQGLENI,YPQLQASEWC,,,,,,,,,
AKP80609.1,NSTLQAGLRK,GVNLQSGYVS,ISSVQSKLTD,NSMLQSVAST,IVKLQNNEII,TVRLQAGKQT,RSIMQSTDMA,SAVLQSAGLC,LSDLQANEGC,SNNLQGLENI,YPQLQASEWK,,,,,,,,,
APG30997.1,NSTLQAGLRK,GVNLQSGYVS,ISSVQSKLTD,NSMLQSVAST,IVKLQNNEII,TVRLQAGKQT,RSIMQSTDMA,SAVLQSAGLC,LSDLQSNEGC,SNNLQGLENI,YPQLQASEWK,,,,,,,,,
AUJ79483.1,NSTLQAGLRK,GVNLQSGYVS,ISSVQSKLTD,NSMLQSVAST,IVKLQNNEII,TVRLQAGKQT,RSIMQSTDYG,SAILQSAGLC,LSDLQANEGC,SNNLQGLENI,YPQLQASEWK,,,,,,,,,
AWA45272.1,NSTLQAGLRK,GVNLQSGYVS,ISSVQSKLTD,NSMLQSVAST,IVKLQNNEII,TVRLQAGKQT,RSIMQSTDYG,SAVLQSAGLC,LSDLQANEGC,GNNLQGLENI,YPQLQASEWK,,,,,,,,,
AXS67924.1,NSTLQAGLRK,GVNLQSGYVS,ISSVQSKLTD,NSMLQSVAST,IVKLQNNEII,TVRLQAGKQT,RSIMQSTDYG,SAVLQSAGLC,LSDLQANEGC,SNNLQGLENI,YPQLQASEWC,,,,,,,,,
AIM47753.1,NSTLQAGLRK,GVNLQSGYVS,ISSVQSKLTD,NSMLQSVAST,IVKLQNNEII,TVRLQAGKQT,RSIMQSTDYG,SAVLQSAGLC,LSDLQANEGC,SNNLQGLENI,YPQLQASEWK,,,,,,,,,
AZN28587.1,NSTLQAGLRK,GVNLQSGYVS,ISSVQSKLTD,NSMLQSVAST,IVKLQNNEII,TVRLQVGKQT,RSIMQSTDYG,SAVLQSAGLC,LSDLQANEGC,SNNLQGLENI,YPQLQASEWK,,,,,,,,,
QGX41968.1,NSTLQAGLRK,GVNLQSSKKS,VSTVQSALTD,ATLLQSVAST,LVKLQNNEIM,TVRLQAGKQT,RVNLQTVDQA,SVILQSAGLC,MSDLQSGDGC,SSKLQGLENI,YPQLQSAEWK,,,,,,,,,
YP_009755889.1,NSTLQAGLRK,GVSIQSSKKA,IASVQSKLTD,NTLLQSVAAT,MVKLQNNEIM,TVRLQAGKQT,RTSLQTVDQA,STALQAAGLC,LSDLQAGETC,DANLQGLENI,YPQLQSAEWK,,,,,,,,,
AZF86129.1,NSTLQAGLRK,GVSIQSSKKA,IASVQSKLTD,NTLLQSVAAT,MVKLQNNEIM,TVRLQAGKQT,RTSLQTVDQA,STALQAAGLC,LSDLQAGETC,DSNLQGLENI,YPQLQSAEWK,,,,,,,,,
APD51489.1,NSTLQAGLRK,GVSLQSGKTT,ISTVQSKLTD,SSTLQSVASS,VVKLQNNEIM,TIRLQAGKQT,RTTMQSFDHS,STVLQAAGLC,PTDLQSEQTC,ETNLQSLENI,YPQLQSAEWK,,,,,,,,,
AID16674.1,NSTLQAGLRK,GVSLQSGKVS,ISSVQSKLTD,NTMLQSVAST,IVKLQNNEII,TVRLQAGKQT,RSSLQTFDHG,SAVLQSAGLC,LSDLQAGEGC,VPNLQGLENI,YPQLQSAEWK,,,,,,,,,
AIA62199.1,NSTLQAGLRK,GVSLQSKRVP,ISTVQSKLTD,NSILQSVAST,IVKLQNNEVI,TVRLQAGKQT,TSVIQSVDQA,SSVLQASGLC,LTDLQSGDLC,TPQLQSLENV,YPQLQSAEWK,,,,,,,,,
ACA52156.1,NSTLQAGLRK,GVSLQSKRVP,ISTVQSKLTD,NSILQSVAST,VVKLQNNEVI,TVRLQAGKQT,TAVVQSMDHA,SSVLQASGLC,LTDLQSGDLC,TPKLQSLENV,YPQLQSAEWK,,,,,,,,,
QDF43799.1,NSTLQAGLRK,GVTLQSGKVS,ISSVQSKLTD,SSVLQSVAAT,IIKLQNNEII,TVRLQAGKQT,RAVIQSVDSG,SSVLQSAGLC,LSDLQAGDGC,NSNVQGLENI,YPQLQSAEWC,,,,,,,,,
YP_001351683.1,NSTLQAGLRK,GVTLQSGKVS,ISSVQSKLTD,SSVLQSVAAT,IIKLQNNEII,TVRLQAGKQT,RAVIQSVDSG,SSVLQSAGLC,LSDLQVGDGC,NSNVQGLENI,YPQLQSAEWK,,,,,,,,,
AZF86117.1,NSTLQAGLRK,GVTLQSSKKC,VATVQSKLTD,STLLQSVAAS,LVKLQNNEIM,TVRLQAGKQT,RASLQTVDQA,STALQSSGMC,LSDLQAGDGC,DTKLQGLENI,YPQLQSAEWK,,,,,,,,,
YP_009201729.1,NSTLQAGLRK,GVTLQSSKKS,VATVQSKLTD,SALLQSVAAT,MVKLQNNEIM,TVRLQAGKQT,RTCLQAVDTA,STALQSAGMC,MTDLQSSDGC,DTNLQGLENI,YPQLQSAEWK,,,,,,,,,
QDF43804.1,NSTLQAGLRK,GVTLQSSKVS,ISSVQSKLTD,SSILQSVAAT,IIKLQNNEII,TVRLQAGKQT,RAVIQSVDSG,SSVLQSAGLC,LSDLQVGDGC,NSNVQGLENI,YPQLQSAEWC,,,,,,,,,
QDF43794.1,NSTLQAGLRK,GVTLQSSKVS,ISSVQSKLTD,SSVLQSVAAT,IIKLQNNEII,TVRLQAGKQT,RAVIQSVDSG,SSVLQSAGLC,LSDLQVGDGC,NSNVQGLENI,YPQLQSAEWC,,,,,,,,,
QHA24695.1,NSTLQAGLRK,GVTLQSSKVS,ISSVQSKLTD,SSVLQSVAAT,IIKLQNNEII,TVRLQAGKQT,RAVIQSVDSG,SSVLQSAGLC,LSDLQVGDGC,NSNVQGLENI,YPQLQSAEWK,,,,,,,,,
QHA24723.1,NSTLQAGLRK,GVTLQSTKVV,VSSVQSKLTD,NTILQSVAST,IVKLQNNEIM,TVRLQAGKQT,VSTVQAFDNG,SAILQAAGLC,LSDLQAGEGC,DAKLQSLENI,YPQLQSAEWK,,,,,,,,,
AGT51337.1,NSTLQSGLKK,GVNLQSGKVI,ISTIQSKLTD,SSTLQSVASS,VVKLQNNEIM,TIRLQAGKQT,RTTIQSVDIS,STILQAAGLC,HADLHSSQVC,ETNLQSLENI,YPQLQSAEWK,,,,,,,,,
AGT51379.1,NSTLQSGLKK,GVNLQSGKVI,ISTVQSKLTD,NSTLQSVASS,VVKLQNNEIM,TIRLQAGKQT,RTTIQSVDIS,STILQAAGLC,HADLHSSQVC,ETNLQSLENI,YPQLQSAEWK,,,,,,,,,
AWK59972.1,NSTLQSGLKK,GVNLQSGKVI,ISTVQSKLTD,SSTLQSVASS,VVKLQNNEIM,TIRLQAGKQT,RTTIQSVDIS,STILQAAGLC,HADLHSSQVC,ETNLQSLENI,YPQLQSAEWC,,,,,,,,,
AFD98826.1,NSTLQSGLKK,GVNLQSGKVI,ISTVQSKLTD,SSTLQSVASS,VVKLQNNEIM,TIRLQAGKQT,RTTIQSVDIS,STILQAAGLC,HADLHSSQVC,ETNLQSLENI,YPQLQSAEWK,,,,,,,,,
QED88024.1,NSTLQSGLKK,GVNLQSGKVI,ISTVQSKLTD,SSTLQSVASS,VVKLQNNEIM,TIRLQAGKQT,RTTIQSVDIS,YTILQAAGLC,HADLHSSQVC,ETNLQSLENI,YPQLQSAEWK,,,,,,,,,
AWK59942.1,NSTLQSGLKK,GVNLQSGKVV,ISTVQSKLTD,SSTLQSVASS,VVKLQNNEIM,TIRLQAGKQT,RTTIQSVDIS,STILQAAGLC,HADLHSSQVC,ETNLQSLENI,YPQLQSAEWC,,,,,,,,,
QHA24670.1,NSTLQSGLKK,GVNLQSRKFP,ISTVQSKLTE,SSILQSVAST,VVKLQNNEII,TVRLQAGTQT,ATVVQSLDNN,SAVLQAAGLC,LTDLQAGDTC,TPKLQSLENV,YPQLQSAEWK,,,,,,,,,
AIA62211.1,NSTLQSGLKK,GVNLQSRKLP,ISTVQSKLTE,SSILQSVAST,VVKLQNNEII,TVRLQAGTQT,TTVVQSLDNN,SAVLQAAGLC,LTDLQAGDTC,TPKLQSLENV,YPQLQSAEWK,,,,,,,,,
AIA62226.1,NSTLQSGLKK,GVNLQSRRLP,ISTVQSKLTE,SSVLQSVAST,VVKLQNNEII,TVRLQAGTQT,ITVVQSLDGN,SAVLQAAGLC,LTDLQAGDTC,TPKLQSLENV,YPQLQSAEWK,,,,,,,,,
AIA62233.1,NSTLQSGLKK,GVNLQSRRLP,ISTVQSKLTE,SSVLQSVAST,VVKLQNNEII,TVRLQAGTQT,TTVVQSLDGN,SAVLQAAGLC,LTDLQAGDTC,TPKLQSLENV,YPQLQSAEWK,,,,,,,,,
YP_009199608.1,NSTLQSGLKK,GVNLQSSKKV,ISTVQSKLTD,NSMLQSVANT,VVKLQNNEII,TVRLQAGKQT,RTSMQSFDNG,STILQAAGLC,LSDLQADNGC,TSNLQGLENI,YPQLQSSEWK,,,,,,,,,
QJI07093.1,NSTLQSGLRK,GVNLQAGKLT,ISTVQSKLTE,TTILQSVASA,TTKLQNNEIM,TVRLQAGKPT,RTSMQSSTVD,STVLQAAGMC,KVGLQAKPET,SKALQSLENV,YPQLQSAEWN,,,,,,,,,
ABG89333.2,NSTLQSGLRK,GVNLQAGKVK,ISTVQSKLTE,TTILQSVASA,TTKLQNNEIM,TVRLQAGKPT,RTSMQSFTVD,STVLQAAGMC,KIGLQAKPET,SKALQSLENV,YPQLQSAEWN,,,,,,,,,
ABG89309.2,NSTLQSGLRK,GVNLQAGKVK,ISTVQSKLTE,TTILQSVASA,TTKLQNNEIM,TVRLQAGKPT,RTSMQSSTVD,STVLQAAGMC,KIGLQAKPET,SKALQSLENV,YPQLQSAEWN,,,,,,,,,
QJI07104.1,NSTLQSGLRK,GVNLQAGKVT,ISTVQSKLTE,TTILQSVASA,TTKLQNNEIM,TVRLQAGKPT,RTSMQSATVD,STVLQAAGMC,KIGLQAKPET,SKALQSLENV,YPQLQSAEWN,,,,,,,,,
AEQ61967.2,NSTLQSGLRK,GVNLQAGKVT,ISTVQSKLTE,TTILQSVASA,TTKLQNNEIM,TVRLQAGKPT,RTSMQSSTVD,STVLQAAGMC,KIGLQAKPET,SKALQSLENV,YPQLQSAEWN,,,,,,,,,
ACJ63229.1,NSTLQSGLRK,GVNLQAGKVT,ISTVQSKLTE,TTILQSVASA,TTKLQNNEIM,TVRLQAGKPT,RTSMQSSTVE,STVLQAAGMC,KIGLQAKPET,SKALQSLENV,YPQLQSAEWN,,,,,,,,,
ACT10969.1,NSTLQSGLRK,GVNLQCGKVK,ISSVQSKLTE,TTILQSVASA,TTKLQNNEIL,TVRLQAGKPT,RTSMQGATID,STVLQAAGMC,KIGLQAKPET,GKALQSLENV,YPQLQSSEWN,,,,,,,,,
ACT10864.1,NSTLQSGLRK,GVNLQCGKVK,ISTVQSKLTE,TTILQSVASA,TTKLQNNEIL,TVRLQAGKPT,RTSMQGATID,STVLQAAGMC,KIGLQAKPET,GKALQSLENV,YPQLQSSEWN,,,,,,,,,
AEK25520.1,NSTLQSGLRK,GVNLQGGKVK,ISTVQSKLTE,TTILQSVASA,TTKLQNNEIL,TVRLQAGKPT,RTSMQGATID,STVLQAAGMC,KIGLQAKPET,GKALQSLENV,YPQLQSSEWN,,,,,,,,,
ADL71475.1,NSTLQSGLRK,GVNLQGGKVK,ISTVQSKLTE,TTILQSVASA,TTKLQNNEIL,TVRLQAGKPT,RTSMQGSTID,STVLQAAGMC,KIGLQAKPET,GKALQSLENV,YPQLQSSEWN,,,,,,,,,
ABX60144.1,NSTLQSGLRK,GVNLQGGKVK,ISTVQSKLTE,TTILQSVASA,TTKLQNNEIL,TVRLQAGKPT,RTSMQGTTID,STVLQAAGMC,KIGLQAKPET,GKALQSLENV,YPQLQSSEWN,,,,,,,,,
AFH58022.1,NSTLQSGLRK,GVNLQGGKVK,ISTVQSKLTE,TTILQSVASA,TTKLQNNEIL,TVRLQAGKPT,RTSMQSSTVD,STVLQAAGMC,KIGLQAKPET,SKALQSLENV,YPQLQSAEWN,,,,,,,,,
ACT10915.1,NSTLQSGLRK,GVNLQSGKMK,ISTVQSKLTE,TTILQSVASA,TTKLQNNEIL,TVRLQAGKPT,RTSMQGTTID,STVLQAAGMC,KIGLQAKPET,GNALQSLENV,YPQLQSSEWN,,,,,,,,,
ACT10905.1,NSTLQSGLRK,GVNLQSGKVK,ISTVQSKLTE,TTILQSVASA,TTKLQNNEIL,TVRLQAGKPT,RTAMQGTTID,STVLQAAGMC,KIGLQAKPET,GKALQSLENV,YPQLQSSEWN,,,,,,,,,
AFX81090.1,NSTLQSGLRK,GVNLQSGKVK,ISTVQSKLTE,TTILQSVASA,TTKLQNNEIL,TVRLQAGKPT,RTSIQGTTID,STVLQAAGMC,KIGLQAKPET,SKALQSLENV,YPQLQSAEWN,,,,,,,,,
ADC35460.1,NSTLQSGLRK,GVNLQSGKVK,ISTVQSKLTE,TTILQSVASA,TTKLQNNEIL,TVRLQAGKPT,RTSMQGATID,STVLQAAGMC,KIGLQAKPEI,GKALQSLENV,YPQLQSSEWN,,,,,,,,,
ASU62498.1,NSTLQSGLRK,GVNLQSGKVK,ISTVQSKLTE,TTILQSVASA,TTKLQNNEIL,TVRLQAGKPT,RTSMQGATID,STVLQAAGMC,KIGLQAKPET,GKALQSLENV,YPQLQSAEWN,,,,,,,,,
ACT10875.1,NSTLQSGLRK,GVNLQSGKVK,ISTVQSKLTE,TTILQSVASA,TTKLQNNEIL,TVRLQAGKPT,RTSMQGATID,STVLQAAGMC,KIGLQAKPET,GKALQSLENV,YPQLQSSEWN,,,,,,,,,
ABI14446.1,NSTLQSGLRK,GVNLQSGKVK,ISTVQSKLTE,TTILQSVASA,TTKLQNNEIL,TVRLQAGKPT,RTSMQGATID,STVLQAAGMC,KIGLQSKPET,GKALQSLENV,YPQLQSSEWN,,,,,,,,,
ADL71465.1,NSTLQSGLRK,GVNLQSGKVK,ISTVQSKLTE,TTILQSVASA,TTKLQNNEIL,TVRLQAGKPT,RTSMQGATID,STVLQSAGMC,KIGLQAKPEI,IKALQSLENV,YPQLQSSEWN,,,,,,,,,
ACT10926.1,NSTLQSGLRK,GVNLQSGKVK,ISTVQSKLTE,TTILQSVASA,TTKLQNNEIL,TVRLQAGKPT,RTSMQGATMD,STVLQAAGMC,KIGLQAKPET,GKALQSLENV,YPQLQSSEWN,,,,,,,,,
ASU62487.1,NSTLQSGLRK,GVNLQSGKVK,ISTVQSKLTE,TTILQSVASA,TTKLQNNEIL,TVRLQAGKPT,RTSMQGATVD,STVLQAAGMC,KIGLQAKPEI,GKALQSLENV,YPQLQSSEWN,,,,,,,,,
ADL71445.1,NSTLQSGLRK,GVNLQSGKVK,ISTVQSKLTE,TTILQSVASA,TTKLQNNEIL,TVRLQAGKPT,RTSMQGATVD,STVLQAAGMC,KIGLQAKPET,GKALQSLENV,YPQLQSSEWN,,,,,,,,,
QDM36985.1,NSTLQSGLRK,GVNLQSGKVK,ISTVQSKLTE,TTILQSVASA,TTKLQNNEIL,TVRLQAGKPT,RTSMQGSTID,STALQAAGMC,KIGLQAKPET,GKALQSLENV,YPQLQSAEWN,,,,,,,,,
AXE71622.1,NSTLQSGLRK,GVNLQSGKVK,ISTVQSKLTE,TTILQSVASA,TTKLQNNEIL,TVRLQAGKPT,RTSMQGSTID,STVLQAAGMC,KIGLQAKPEI,GKALQSLENV,YPQLQSSEWN,,,,,,,,,
ADO39849.1,NSTLQSGLRK,GVNLQSGKVK,ISTVQSKLTE,TTILQSVASA,TTKLQNNEIL,TVRLQAGKPT,RTSMQGSTID,STVLQAAGMC,KIGLQAKPET,GKALQSLENV,YPQLQSSEWN,,,,,,,,,
ADO39838.1,NSTLQSGLRK,GVNLQSGKVK,ISTVQSKLTE,TTILQSVASA,TTKLQNNEIL,TVRLQAGKPT,RTSMQGSTVD,STVLQAAGMC,KIGLQAKPET,GKALQSLENV,YPQLQSSEWN,,,,,,,,,
ACT10853.1,NSTLQSGLRK,GVNLQSGKVK,ISTVQSKLTE,TTILQSVASA,TTKLQNNEIL,TVRLQAGKPT,RTSMQGVTID,STVLQAAGMC,KIGLQAKPET,GKALQSLENV,YPQLQSSEWN,,,,,,,,,
AEK25510.1,NSTLQSGLRK,GVNLQSGKVK,ISTVQSKLTE,TTILQSVASA,TTKLQNNEIL,TVRLQAGRPT,RTSMQGATMD,STVLQAAGMC,KIGLQAKPET,GKALQSLENV,YPQLQSSEWN,,,,,,,,,
AGT52079.1,NSTLQSGLRK,GVNLQSGKVK,ISTVQSKLTE,TTILQSVASA,TTKLQNNEIL,TVRLQAGRPT,RTSMQGATMD,STVLQAAGMC,KIGLQAKPET,GKALQSLENV,YPQLQSSVWN,,,,,,,,,
YP_009256195.1,NSTLQSGLRK,GVNLQSNSVK,IASVQSKLTD,PSILQSVASA,VAQLQNNEIM,TVRLQAGKQT,RTSMQAAVVD,STVLQAAGMC,DVNLQSKGEG,KKALQSLENI,YPQLQSAEWP,,,,,,,,,
AID16669.1,NSTLQSGLRK,GVNLQSSNRL,ISSVQSKLTD,NAVLQSVAST,IVKLQNNEIM,TVRLQAGKQT,RTALQSFDQT,SAVLQSAGLC,ISDLQAGDGC,SASLQGLENI,YPQLQSVEWK,,,,,,,,,
AID16670.1,NSTLQSGLRK,GVNLQSSNRL,ISSVQSKLTD,NAVLQSVAST,IVKLQNNEIM,TVTLQAGKQT,RTALHSFDHT,SAVLQSAGLC,ISDLQAGDGC,TASLQNLENI,YPQLQSVEWK,,,,,,,,,
AVY53334.1,NSTLQSGLRK,GVNLQSTKVK,IASVQSKLTD,ASILQSVASA,VSKLQNNEIM,TIRLQAGKQT,RTSMQAAVVD,STVLQAAGMC,DVNLQMKSEG,SKALQSLENV,YPQLQSAEWK,,,,,,,,,
YP_009019180.1,NSTLQSGLRK,GVNLQSTKVK,IASVQSKLTD,ASILQSVASA,VSKLQNNEIM,TIRLQAGKQT,RTSMQAAVVD,STVLQAAGMC,DVNLQVKSEG,SKALQSLENV,YPQLQSAEWK,,,,,,,,,
ADI80522.1,NSTLQSGLRK,GVNLQSTKVK,IASVQSKLTD,TSVLHSVASA,VSKLQNNEIM,TIRLQAGKQT,RTSMQAAVVD,STVLQAAGMC,DVNLQVKSEG,SKTLQSLENV,YPQLQSAEWK,,,,,,,,,
QCX35177.1,NSTLQSGLRK,GVNLQSTRIS,VSSVQSKLTD,GTMLQSVAST,IVKLQNNEIM,TVRLQAGKQT,VSSVQSLDTG,STVLQAAGLC,LSDLQSGEGC,DSNLQGLENI,YPQLQAGEWK,,,,,,,,,
QBP43277.1,NSTLQSGLRK,GVNLQSTRVS,VSSVQSKLTD,GTMLQSVAST,IVKLQNNEIM,TVRLQAGKQT,VSSVQALDTG,STILQAAGLC,LSDLQAGEGC,DSNLQGLENI,YPQLQSGEWC,,,,,,,,,
AIA62270.1,NSTLQSGLRK,GVSLQSGKVS,VSTVQSKLTD,GSILQSVAST,IVKLQNNEIM,TVRLQAGKQT,VSSVQAFDAG,STILQAAGLC,LTDLQVGEGC,ETNLQGLENI,YPQLQSAEWK,,,,,,,,,
QCX35159.1,NSTLQSGLRK,GVTLQGSKKT,VSTVQSKLTD,TTLLQSVAST,MVKLQNNEIM,TVRLQAGKQT,RSSLQTVDMA,SVILQSAGLC,VSDLQAGDGC,VCNLQSLENI,YPQLQSAEWK,,,,,,,,,
QBP43288.1,NSTLQSGLRK,GVTLQSNKIS,VSSVQSKLTD,GSILQSVAST,VVKLQNNEIM,TVRLQAGKQT,FSSVQSLDTG,STVLQAAGLC,LSDLQAGEGC,ESKLQGLENI,YPQLQSGEWC,,,,,,,,,
QHA24709.1,NSTLQSGLRK,GVTLQSNKVV,VSSVQSKLTD,NSILQSVASM,IVKLQNNEIM,TVRLQAGKQT,STSMQAFDNG,SAILQSAGLC,LTDLQAGEGC,DTKLQSLENI,YPQLQSAEWK,,,,,,,,,
AFU92103.1,NSTLQSGLRK,GVTLQSNKVV,VSSVQSKLTD,NSILQSVAST,IVKLQNNEIM,TVRLQAGKQT,STSMQAFDNG,SAILQSAGLC,LTDLQAGEGC,DTKLQSLENI,YPQLQSAEWK,,,,,,,,,
QGX41950.1,NSTLQSGLRK,GVTLQSTKVG,VSTIQSKLTD,ASVLQSVAST,VVKLQNNEII,TVRLQAGKQT,RTVVQSCDQS,STALQAAGLC,LTDLQAGDCC,DVNLQGLENI,YPQLQSSEWK,,,,,,,,,
QBP43254.1,NSTLQSGLRK,GVTLQSTRVS,VSSVQSKLTD,GTMLQSVAST,IVKLQNNEIM,TVRLQAGKQT,VSTVQSLDAG,STILQAAGLC,LSDLQAGEGC,DSNLQGLENI,YPQLQAGEWC,,,,,,,,,
ATP66766.1,NSVLQSGFKK,GVQLQSSRVK,ISTIQSKLTD,KAILHSVAST,VVKLQNNEIT,TVRLQAGKPT,RSSVQSAIID,SSVLQSAGLC,TTDLQSVLSG,KPILQGLENL,YPQLQSSEWK,,,,,,,,,
YP_009336483.1,NSVLQSGFKK,GVQLQSSRVK,LSTIQSKLTD,KAILHSVAST,VVKLQNNEIT,TVRLQAGKPT,RSSVQSAIID,SSVLQSAGLC,TTDLQSVLSG,KPILQGLENL,YPQLQSSEWK,,,,,,,,,
ATP66788.1,NSVLQSGFRK,GVQLQSSRVK,LSTIQSKLTD,KAILHSVAST,VVKLQNNEIT,TVRLQAGKPT,RSSVQSAIID,SSVLQSAGLC,TTDLQSVLSG,KPILQGLENL,YPQLQSSEWK,,,,,,,,,
ABN10926.1,SAALQAGLAR,GVKLQGKFQS,VSTIQSNMTD,NSVLQAVASE,PVKLQNNELM,TVRLHAGSAT,EINLQARDDC,SATLQSVGTC,KPKMQADVTV,FVKLQSLENV,YPQLQAKQDW,,,,,,,,,
ABN10934.1,SAALQAGLTR,GVKLQGKFQS,VSTIQSNMTD,NSVLQAVASE,PVKLQNNEFM,TVRLHAGSAT,EINLQARDEC,SATLQSVGTC,KPKMQSEVTV,FVKLQSLENV,YPQLQAKQDW,,,,,,,,,
YP_001039970.1,SAALQAGLTR,GVKLQGKFQS,VSTIQSNMTD,NSVLQAVASE,PVKLQNNELM,TVRLHAGSAT,EINLQARDEC,SATLQSVGTC,KPKMQSEVTV,FVKLQSLENV,YPQLQAKQDW,,,,,,,,,
QJX58365.1,SAALQAGLTR,GVKLQGKFQS,VSTIQSNMTD,NSVLQAVASE,PVKLQNNELM,TVRLHAGSAT,EINLQARDEC,SATLQSVGTC,KPKMQSEVTV,FVKLQSLENV,YPQLQSKQDW,,,,,,,,,
AVP25405.1,SAALQAGLTR,GVKLQGKIKS,VSTIQSNMTD,NSVLQAVASE,PVKLQNNELM,TVRLHAGSAT,EINLQAKDEC,SATLQSVGTC,KSKLQSDVTV,FVKLQSLENV,YPQLQAKQDW,,,,,,,,,
ADM33565.1,SAALQAGLTR,GVKLQGKVQS,VSTVQSNMTD,NTVLQAVASE,PVKLQNNELM,TVRLHAGSAT,EVNLQAKDEC,SATLQSVGTC,KPKLQSEVTV,FVKLQSLENV,YPQLQSKQDW,,,,,,,,,
QEH60462.1,SAALQAGLTR,GVKLQSRVTS,VSTIQSNMTD,TSVLQAVASE,PVKLQNNELM,TVRLHAGSPT,DINLQAKDEC,SATLQSVGTC,KTKLQSDNVI,FVKLQSLENV,YPQLQSKQDW,,,,,,,,,
QJX58377.1,SAALQAGLTR,GVKLQSRVTS,VSTIQSNMTD,TTVLQAVASE,PVKLQNNELM,TVRLHAGSPT,DINLQSKDEC,SATLQSVGTC,KPKLQSDNVI,FVKLQSLENV,YPQLQSKQDW,,,,,,,,,
QJX58372.1,SAALQAGLTR,GVKLQSRVTS,VSTIQSNMTD,TTVLQAVASE,PVKLQNNELM,TVRLHAGSPT,DINLQSKDEC,SATLQSVGTC,KPNLQSDNVI,FVKLQSLENV,YPQLQSKQDW,,,,,,,,,
QDF43839.1,SAALQSGLTR,GVKLQSRVTS,VSTIQSNMTD,TSVLQAVASE,PVKLQNNELM,TVRLHAGSPT,DINLQAKDEC,SATLQSVGTC,KPKLQSDNVI,FVKLQSLENV,YPQLQSKQDW,,,,,,,,,
AVP78041.1,SAILQSGFRK,GVTFQSAVKR,VATVQSKMSD,RATLQAIASK,AVKLQNNELS,TVRLQAGNAT,EPMMQSADAS,HTVLQAVGAC,VATLQAENVT,FTKLQSLENV,YPKLQSSHAW,,,,,,,,,
AIA62276.1,SAVLQSGFKK,GVTFQGKFKK,VATVQSKMSD,RATLQAIASE,AVKLQNNELS,TVRLQAGNAT,EPMMQSADAS,HTILQAVGAC,VATLQAENVT,FTRLQSLENV,YPKLQASQAW,,,,,,,,,
QJS56941.1,SAVLQSGFRK,GVIFQSAVKR,VATVQSKMSD,RATLQAIASE,AVKLQNNELS,TVRLQAGNAT,EPMLQSADAQ,HTVLQAVGAC,VATLQAENVT,FTRLQSLENV,YPKLQSSQAW,,,,,,,,,
AAR86774.1,SAVLQSGFRK,GVTFQGKFKK,VATVQSKMSD,RATLQAIASE,AAKLQNNELS,TVRLQAGNAT,EPLMQSADAS,HTVLQAVGAC,VATLQAENVT,FTRLQSLENV,YPKLQASQAW,,,,,,,,,
AAV49729.1,SAVLQSGFRK,GVTFQGKFKK,VATVQSKMSD,RATLQAIASE,AVKLQNNELS,TVRLQAGNAT,EPLMQSADAS,HTVLQAVGAC,VATLQAENVT,FTRFQSLENV,YPKLQASQAW,,,,,,,,,
AGT21077.1,SAVLQSGFRK,GVTFQGKFKK,VATVQSKMSD,RATLQAIASE,AVKLQNNELS,TVRLQAGNAT,EPLMQSADAS,HTVLQAVGAC,VATLQAENVT,FTRLQSLENV,YPKLQASQAW,,,,,,,,,
AEA10817.1,SAVLQSGFRK,GVTFQGKFKK,VATVQSKMSD,RATLQAIASE,AVKLQNNELS,TVRLQAGNAT,EPLMQSADAS,HTVLQAVGVC,VATLQAENVT,FTRLQSLENV,YPKLQASQAW,,,,,,,,,
AID16714.1,SAVLQSGFRK,GVTFQGKFKK,VATVQSKMSD,RATLQAIASE,AVKLQNNELS,TVRLQAGNAT,EPMMQSADAS,HTILQAGVGA,VATLQAENVT,FTRLQSLENV,YPKLQASQAW,,,,,,,,,
ARI44808.1,SAVLQSGFRK,GVTFQGKFKK,VATVQSKMSD,RATLQAIASE,AVKLQNNELS,TVRLQAGNAT,EPMMQSADAS,HTILQAVGAC,VATLQAENVT,FTRLQSLENV,YPKLQASQAW,,,,,,,,,
QDF43834.1,SAVLQSGFRK,GVTFQGKFKK,VATVQSKMSD,RATLQAIASE,AVKLQNNELS,TVRLQAGNAT,EPMMQSADAS,HTVLQAVGAC,VATLQAENGT,FTRLQSLENV,YPKLQASQAW,,,,,,,,,
ADE34811.1,SAVLQSGFRK,GVTFQGKFKK,VATVQSKMSD,RATLQAIASE,AVKLQNNELS,TVRLQAGNAT,EPMMQSADAS,HTVLQAVGAC,VATLQAENVT,FTKLQSLENV,YPKLQASQAW,,,,,,,,,
AGZ48805.1,SAVLQSGFRK,GVTFQGKFKK,VATVQSKMSD,RATLQAIASE,AVKLQNNELS,TVRLQAGNAT,EPMMQSADAS,HTVLQAVGAC,VATLQAENVT,FTRLQSLENV,YPKLQASQAW,,,,,,,,,
APO40578.1,SAVLQSGFRK,GVTFQGKFKK,VATVQSKMSD,RATLQAIASE,AVKLQNNELS,TVRLQAGNAT,EPMMQSSDAS,HTVLQAVGAC,VAVLQAENVT,FTRLQSLENV,YPKLQASQAW,,,,,,,,,
YP_003858583.1,SAVLQSGFRK,GVTFQGKFKK,VATVQSKMSD,RATLQAIASE,AVKLQNNELS,TVRLQAGNAT,EPVMQAADAP,HTVLQAVGAC,VAVLQSENVT,FTRLQSLENV,YPKLQANQTW,,,,,,,,,
AIA62319.1,SAVLQSGFRK,GVTFQGKFKK,VATVQSKMSD,RATLQAIASE,AVKLQNNELS,TVRLQAGNTT,EPMMQSADAS,HTVLQAVGAC,VATLQAENVT,FTRLQSLENV,YPKLQASQAW,,,,,,,,,
AID16712.1,SAVLQSGFRK,GVTFQGKFKR,VATVQSKMSD,RATLQAIASE,AVKLQNNELS,PVRLQAGNAT,EPMMQSADAS,HTVLQAVGAC,VATLQAENVT,FTRLQSLENV,YPKLQASQAW,,,,,,,,,
P0C6W6.1,SAVLQSGFRK,GVTFQGKFKR,VATVQSKMSD,RATLQAIASE,AVKLQNNELS,TVRLQAGNAT,EPMMQSADAS,HTVLQAVGAC,VATLQAENVT,FTRLQSLENV,YPKLQASQAW,,,,,,,,,
QDF43819.1,SAVLQSGFRK,GVTFQGKFRK,VATVQSKMSD,RATLQAIASE,AVKLQNNELS,TVRLQAGNAT,EPMMQSADAS,HTVLQAVGAC,VATLQAENVT,FTRLQSLENV,YPKLQASQAW,,,,,,,,,
ALK02468.1,SAVLQSGFRK,GVTFQGTFKK,VATVQSKMSD,RATLQAIASE,AVKLQNNELS,TVRLQAGNAT,EPMMQSADAS,HTVLQAVGAC,VATLQAENVT,FTRLQSLENV,YPKLQASQAW,,,,,,,,,
QIA48613.1,SAVLQSGFRK,GVTFQSAIKR,VATVQSKMSD,RATLQAIASE,AVKLQNNELS,TVRLQAGNAT,EPMLQSADAQ,HTVLQAVGAC,VATLQAENVT,FTRLQSLENV,YPKLQSSQAW,,,,,,,,,
QJS54752.1,SAVLQSGFRK,GVTFQSAVKR,VATVQSKMSD,GATLQAIASE,AVKLQNNELS,TVRLQAGNAT,EPMLQSADAQ,HTVLQAVGAC,VATLQAENVT,FTRLQSLENV,YPKLQSSQAW,,,,,,,,,
QJC19501.1,SAVLQSGFRK,GVTFQSAVKR,VATVQSKMSD,RATLQAIALE,AVKLQNNELS,TVRLQAGNAT,EPMLQSADAQ,HTVLQAVGAC,VATLQAENVT,FTRLQSLENV,YPKLQSSQAW,,,,,,,,,
QIO04366.1,SAVLQSGFRK,GVTFQSAVKR,VATVQSKMSD,RATLQAIASE,AVKLHNNELS,TVRLQAGNAT,EPMLQSADAQ,HTVLQAVGAC,VATLQAENVT,FTRLQSLENV,YPKLQSSQAW,,,,,,,,,
QJI54251.1,SAVLQSGFRK,GVTFQSAVKR,VATVQSKMSD,RATLQAIASE,AVKLQNNELS,TVRLQAGNAT,EPMLQSADAQ,HTVLQAIGAC,VATLQAENVT,FTRLQSLENV,YPKLQSSQAW,,,,,,,,,
QIE07460.1,SAVLQSGFRK,GVTFQSAVKR,VATVQSKMSD,RATLQAIASE,AVKLQNNELS,TVRLQAGNAT,EPMLQSADAQ,HTVLQAVGAC,VATLQAENVT,FIRLQSLENV,YPKLQSSQAW,,,,,,,,,
QIS30274.1,SAVLQSGFRK,GVTFQSAVKR,VATVQSKMSD,RATLQAIASE,AVKLQNNELS,TVRLQAGNAT,EPMLQSADAQ,HTVLQAVGAC,VATLQAENVT,FTRLQSLEKV,YPKLQSSQAW,,,,,,,,,
QIZ13081.1,SAVLQSGFRK,GVTFQSAVKR,VATVQSKMSD,RATLQAIASE,AVKLQNNELS,TVRLQAGNAT,EPMLQSADAQ,HTVLQAVGAC,VATLQAENVT,FTRLQSLENV,YPKLQSSQAW,,,,,,,,,
QJQ83966.1,SAVLQSGFRK,GVTFQSAVKR,VATVQSKMSD,RATLQAIASE,AVKLQNNELS,TVRLQAGNAT,EPMLQSADAQ,HTVLQAVGAC,VVTLQAENVT,FTRLQSLENV,YPKLQSSQAW,,,,,,,,,
AVP78030.1,SAVLQSGFRK,GVTFQSAVKR,VATVQSKMSD,RATLQAIASE,AVKLQNNELS,TVRLQAGNAT,EPMMQSADAS,HTVLQAVGAC,VATLQAENVT,FTKLQSLENV,YPKLQSSQAW,,,,,,,,,
QJT73032.1,SAVLQSGFRK,GVTFQSAVKR,VATVQSKMSD,SATLQAIASE,AVKLQNNELS,TVRLQAGNAT,EPMLQSADAQ,HTVLQAVGAC,VATLQAENVT,FTRLQSLENV,YPKLQSSQAW,,,,,,,,,
QJR89827.1,SAVLQSGFRK,GVTFQSAVKR,VVTVQSKMSD,RATLQAIASE,AVKLQNNELS,TVRLQAGNAT,EPMLQSADAQ,HTVLQAVGAC,VATLQAENVT,FTRLQSLENV,YPKLQSSQAW,,,,,,,,,
AIA62289.1,SAVLQSGFRR,GVTFQGKFKK,VATVQSKMSD,RATLQAIASE,AVKLQNNELS,TVRLQAGNAT,EPMMQSADAS,HTILQAVGAC,VATLQAENVT,FTRLQSLENV,YPKLQASQAW,,,,,,,,,
ATG84699.1,SCVLQSGLVK,GVVMQSGVRK,VAAMQSKLTD,PSVLQATLSE,AVKLQNNEIK,TVRLQAGSNT,VALPQSKDSN,PTTLQAVGSC,NYKLQSQIVT,FTKVQGLENI,YPRLQASADW,,,,,,,,,
AVV62535.1,SGMLQSGLVK,GVVMQSGVKR,VASVQSKLTD,ASVLQATLSE,AVKLQNNEIR,TVKLQAGSNT,AALPQSKDSN,PTTLQAVGSC,NYKLQSQIVT,FTKVQGLENI,YPRLQAANDW,,,,,,,,,
AGR87639.3,SGVLQSGLVK,GVIMQSGARK,VAAIQSKLTD,PSVLQATLSE,AVKLQNNEIK,TVRLQAGSNT,AALPQSKDSN,PTTLQAVGSC,NYKLQSQIVT,FTKVQGLENI,YPRLQASADW,,,,,,,,,
AHY61336.1,SGVLQSGLVK,GVVMQSGVKK,VASVQSKLTD,SAVLQATLNE,AVKLQNNEIR,TVKLQAGSNT,AALPQSKDSN,PTTLQAVGSC,NYKLQSQIVT,FTKVQGLENI,YPRLQASNDW,,,,,,,,,
AVV62524.1,SGVLQSGLVK,GVVMQSGVKR,VASVQSKLTD,VSVLQATFSE,AVKLQNNEIR,TVKLQAGSNT,VALPQSKDSN,PTTLQAVGSC,NYKLQSQIVT,FTKVQGLENI,YPRLQAANDW,,,,,,,,,
ASL68940.1,SGVLQSGLVK,GVVMQSGVKR,VATVQSKLTD,PTILQATLSE,AVKLQNNEIR,TVKLQAGSNT,AALPQSKDSN,PTTLQAVGSC,NYKLQSQIVT,FTKVQGLENI,YPRLQASNDW,,,,,,,,,
AWH65941.1,SGVLQSGLVK,GVVMQSGVKR,VATVQSKLTD,PTILQATLSE,AVKLQNNEIR,TVKSQAGSNT,AALPQSKDSN,PTTLQAVGSC,NYKLQSQIVT,FTKVQGLENI,YPRLQASNDW,,,,,,,,,
ALA49714.1,SGVLQSGLVK,GVVMQSGVRK,VAAIQSKLTD,PSVLQATLSE,AVKLQNNEIK,TVRLQAGSNT,VALPQSKDSN,PTTLQAVGSC,NYKLQSQIVT,FTKVQGLENI,YPRLQASADW,,,,,,,,,
ALD51902.1,SGVLQSGLVK,GVVMQSGVRK,VAAMQSKLTD,PSVLQATLSE,AAKLQNNEIK,TVRLQAGSNT,VALPQSKDSN,PTTLQAVGSC,NYKLQSQIVT,FTKVQGLENI,YPRLQASADW,,,,,,,,,
ALA49945.1,SGVLQSGLVK,GVVMQSGVRK,VAAMQSKLTD,PSVLQATLSE,AVKLQNNEIK,TVRLQAGSNT,AALPQSKDSN,PTTLQAVGSC,NYKLQSQIVT,FTKVQGLENI,YPRFQASADW,,,,,,,,,
AIY60586.1,SGVLQSGLVK,GVVMQSGVRK,VAAMQSKLTD,PSVLQATLSE,AVKLQNNEIK,TVRLQAGSNT,AALPQSKDSN,PTTLQAVGSC,NYKLQSQIVT,FTKVQGLENI,YPRLQASADW,,,,,,,,,
AQZ41330.1,SGVLQSGLVK,GVVMQSGVRK,VAAMQSKLTD,PSVLQATLSE,AVKLQNNEIK,TVRLQAGSNT,AALPQSKESN,PTTLQAVGSC,NYKLQSQIVT,FTKVQGLENI,YPRLQASADW,,,,,,,,,
AKI29253.1,SGVLQSGLVK,GVVMQSGVRK,VAAMQSKLTD,PSVLQATLSE,AVKLQNNEIK,TVRLQAGSNT,ATLPQSKDSN,PTTLQAVGSC,NYKLQSQIVT,FTKVQGLENI,YPRLQASADW,,,,,,,,,
AXG21663.1,SGVLQSGLVK,GVVMQSGVRK,VAAMQSKLTD,PSVLQATLSE,AVKLQNNEIK,TVRLQAGSNT,VALPQSKDSN,PTTLQAVGSC,NYKLQSQIVT,FTKFQGLENI,YPRLQASADW,,,,,,,,,
ANC28698.1,SGVLQSGLVK,GVVMQSGVRK,VAAMQSKLTD,PSVLQATLSE,AVKLQNNEIK,TVRLQAGSNT,VALPQSKDSN,PTTLQAVGSC,NYKLQSQIVT,FTKVQGLENI,YPRLQASADW,,,,,,,,,
QGV13494.1,SGVLQSGLVK,GVVMQSGVRK,VAAMQSKLTD,SSVLQATLSE,AVKLQNNEIK,TVRLQAGSNT,AALPQSKDSN,PTTLQAVGSC,NYKLQSQIVT,FTKVQGLENI,YPRLQASADW,,,,,,,,,
AUM60023.1,SGVLQSGLVK,GVVMQSSVRK,VASVQSKLTD,PAVLQATLSE,AVKLQNNEIK,TVRLQAGSNT,VALTQSKDTN,PTTLQAVGSC,NYKLQSQIVT,FTKVQGLENI,YPRLQASNDW,,,,,,,,,
AUM60013.1,SGVLQSGLVK,GVVMQSSVRK,VASVQSKLTD,PAVLQATLSE,AVKLQNNEIK,TVRLQAGSNT,VSLTQSKDTN,PTTLQAVGSC,NYKLQSQIVT,FTKVQGLENI,YPRLQASNDW,,,,,,,,,
AWH65930.1,SSVLQSGLVK,GVVMQSGLKR,IASVQSKLTD,PSVLQATLSE,AGTLQNNEIR,TVRLQAGSNT,TTIPQSKDSN,PTTLQAVGSC,NYKLQSQIVT,FTKIQGLENI,YPRLQAINDW,,,,,,,,,
ABN10901.1,SSVLQSGLVK,GVVMQSGVKR,IASVQSKLTD,PSVLQATLSE,AVTLQNNEIR,TVRLQAGSNT,TTIPQSKDSN,PTTLQAVGSC,NYKLQSQIVT,FTKIQGLENI,YPRLQAINDW,,,,,,,,,
AWH65919.1,SSVLQSGLVK,GVVMQSGVKR,IASVQSKLTD,PSVLQATLSE,AVTMQNNEIR,TVRLQAGSNT,TTIPQSKDSN,PTTLQAVGSC,NYKLQSQIVT,FTKIQGLENI,YPRLQAINDW,,,,,,,,,
QGA70701.1,SSVLQSGLVK,GVVMQSGVKR,IASVQSKLTD,QTVLQSALTE,AVKLQNNEIK,TVRLQAGSNT,EPMLHSQDTN,PTTLQAVGSC,NYKLQSQIVT,FTKVQGLENI,YPRLQGANDW,,,,,,,,,
ABN10847.1,SSVLQSGLVK,GVVMQSGVKR,VATVQSKLTD,SSVLQATLTE,AVKLQNNEIH,TVRLQAGANT,NTVPQSKDTN,PTTLQAVGSC,NYKLQSQIVT,FVKVQGLENI,YPRLQATNDW,,,,,,,,,
QHA24677.1,SSVLQSGLVK,GVVMQSGVKR,VATVQSKLTD,SSVLQATLTE,AVKLQNNEIQ,TVRLQAGANT,NTFPQSKDTN,PTTLQAVGSC,NYKLQSQIVT,FVKVQGLENI,YPRLQATNDW,,,,,,,,,
AIA62351.1,SSVLQSGLVK,GVVMQSGVKR,VATVQSKLTD,SSVLQATLTE,AVKLQNNEIQ,TVRLQAGANT,NTVPQSKDTN,PTTLQAVGSC,NYKLQSQIVT,FVKVQGLENI,YPRLQAANDW,,,,,,,,,
AWH65886.1,SSVLQSGLVK,GVVMQSGVKR,VATVQSKLTD,SSVLQATLTE,AVKLQNNEIQ,TVRLQAGANT,NTVPQSKDTN,PTTLQAVGSC,NYKLQSQIVT,FVKVQGLENI,YPRLQATNDW,,,,,,,,,
YP_009513008.1,SSVLQSGLVK,GVVMQSSVRK,IASVQSKLTD,ISVLQSTLTE,AVKLQNNEIK,TVRLQAGSNT,NTMLHSKDTN,PTTLQAVGSC,NYKLQSQIVT,FSRVQGLENI,YPRLQASNDW,,,,,,,,,
AGT28265.1,SSVLQSGLVK,GVVMQSSVRK,IASVQSKLTD,PSVLQSTLTE,AVKLQNNEIK,TVRLQAGSNT,NTMLHSKDTN,PTTLQAVGSC,NYKLQSQIVT,FSRVQGLENI,YPRLQASNDW,,,,,,,,,
QCC20711.1,SSVLQSGLVK,GVVMQSSVRK,IASVQSKLTD,TSVLQSTLTE,AVKLQNNEIK,TVRLQAGSNT,NTMLHSKDTN,PTTLQAVGSC,NYKLQSQIVT,FSRVQGLENI,YPRLQASNDW,,,,,,,,,
ATP66748.1,TSFLQSGIAK,GVKLQSKRTR,VSQIQSKLTD,NTVLQALQSE,TTVMQNNELM,TVRLQAGHAT,NAILQSKDTN,SAVMQSVGAC,PSKLQCVTNL,FTQLQSLENV,YPRLQAASDW,,,,,,,,,
AID16629.1,TSFLQSGIAK,GVKLQSKRTR,VSQIQSKLTD,NTVLQALQSE,TTVMQNNELM,TVRLQAGHAT,SATLQSKDTN,SAVMQSVGAC,PSKLQCVTNL,FTQLQSLENV,YPRLQAASDW,,,,,,,,,
AIV41894.1,TSFLQSGIVK,GIKLQSKHTR,VSQFQSKLTD,NTVLQALQSE,ATVLQNNELM,TVRLQAGTAT,DTTVQSKDTN,SAVMQSVGAC,ETKVQCSTNL,FTKLQSLENV,YPRLQAASDW,,,,,,,,,
AQT26494.1,TSFLQSGIVK,GIKLQSKRIR,VSQFQSKLTD,NTVLQALQSE,ATVLQNNELM,TVRLQAGIAT,DTTVQSKDTN,SAVMQSVGAC,ETRVQCSTNL,FTKLQSLENV,YPRLQAASDW,,,,,,,,,
AVZ61096.1,TSFLQSGIVK,GIKLQSKRIR,VSQFQSKLTD,NTVLQALQSE,ATVLQNNELM,TVRLQAGTAT,DTTVQSKDTN,SAVMQSVGAC,ETRVQCSTNL,FTKLQSLENV,YPRLQAASDW,,,,,,,,,
QEY10630.1,TSFLQSGIVK,GIKLQSKRIR,VSQFQSKLTD,NTVLQALQSE,ATVLQNNELM,TVRLQAGTAT,GTTVQSKDTN,SAVMQSVGAC,ETRVQCSTNL,FTKLQSLENV,YPRLQAASDW,,,,,,,,,
P0C6W9.1,TSFLQSGIVK,GIKLQSKRTR,VSQFQSKLTD,NTVLQALQSE,ATALQNNELM,TVRLQAGTAT,DTTVQSKDTN,SAVMQSVGAC,ETRVQCSTNL,FTKLQSLENV,YLRLQAASDW,,,,,,,,,
BBM61354.1,TSFLQSGIVK,GIKLQSKRTR,VSQFQSKLTD,NTVLQALQSE,ATILQNNELM,TVRLQAGTAT,DTTVQSKDTN,SAVMQSVGAC,ETRVQCSTNL,FTKLQSLENV,YPRLQAASDW,,,,,,,,,
AIV41780.1,TSFLQSGIVK,GIKLQSKRTR,VSQFQSKLTD,NTVLQALQSE,ATVLQNNELM,TVRLQAGNAT,DTTVQSKDTN,SAVMQSVGAC,ETKVQCSTNL,FTKLQSLENV,YPRLQAASDW,,,,,,,,,
AVI15007.1,TSFLQSGIVK,GIKLQSKRTR,VSQFQSKLTD,NTVLQALQSE,ATVLQNNELM,TVRLQAGTAT,DTIVQSKDTN,SAVMQSVGAC,ETRVQCSTNL,FTKLQSLENV,YPRLQAASDW,,,,,,,,,
AUF40271.1,TSFLQSGIVK,GIKLQSKRTR,VSQFQSKLTD,NTVLQALQSE,ATVLQNNELM,TVRLQAGTAT,DTTFQSKDTN,SAVMQSVGAC,ETKVQCSTNL,FTKLQSLENV,YPRLQAASDW,,,,,,,,,
AGT51568.1,TSFLQSGIVK,GIKLQSKRTR,VSQFQSKLTD,NTVLQALQSE,ATVLQNNELM,TVRLQAGTAT,DTTVQSKDTN,SAVMQSVGAC,ETKVQCSTNL,FTKLQSLENV,YPRLQAASDW,,,,,,,,,
BBM61004.1,TSFLQSGIVK,GIKLQSKRTR,VSQFQSKLTD,NTVLQALQSE,ATVLQNNELM,TVRLQAGTAT,DTTVQSKDTN,SAVMQSVGAC,ETRVQCSTNL,FTKLQSLENV,YPRLQAAFDW,,,,,,,,,
ACJ35483.1,TSFLQSGIVK,GIKLQSKRTR,VSQFQSKLTD,NTVLQALQSE,ATVLQNNELM,TVRLQAGTAT,DTTVQSKDTN,SAVMQSVGAC,ETRVQCSTNL,FTKLQSLENV,YPRLQAASDW,,,,,,,,,
BBM61434.1,TSFLQSGIVK,GIKLQSKRTR,VSQFQSKLTD,NTVLQALQSE,ATVLQNNELM,TVRLQAGTAT,DTTVQSKDTN,SAVMQSVGAC,ETRVQCSTNL,FTKLQSLENV,YPRLQATSDW,,,,,,,,,
ABP87986.1,TSFLQSGIVK,GIKLQSKRTR,VSQFQSKLTD,NTVLQALQSE,ATVLQNNELM,TVRLQAGTAT,DTTVQSKDTN,SAVMQSVGAC,PSKLQCTTNL,FTKLQSLENV,YPRLQAASDW,,,,,,,,,
ALA50077.1,TSFLQSGIVK,GIKLQSKRTR,VSQFQSKLTD,NTVLQALQSE,VTVLQNNELM,TVRLQAGTAT,DTTVQSKDTN,SAVMQSVGAC,ETRVQCSTNL,FTKLQSLENV,YPRLQAASDW,,,,,,,,,
BBM61254.1,TSFLQSGIVK,GIKLQSKRTR,VSQFQSRLTD,NTVLQALQSE,ATVLQNNELM,TVRLQAGTAT,DTTVQSKDTN,SAVMQSVGAC,ETRVQCSTNL,FTKLQSLENV,YPRLQAASDW,,,,,,,,,
ATP66777.1,TSFLQSGIVK,GVKLQSKRTR,VSQFQSKLTD,NTVLQALQSE,QAVLQNNELM,TVRLQAGVAT,GVSVQSKDTN,SAVMQSVGAC,PSKLQCTTNL,FTKLQSLENV,YPKLQAAADW,,,,,,,,,
ATP66731.1,TSFLQSGIVK,GVKLQSKRTR,VSQIQSKLTD,GTVLQALQSE,GTVLQNNELM,TVRLQAGTAT,NASVQSKDSN,SAVMQSVGAC,PSRLQCTTNL,FAKLQSLENV,YPRLQAAADW,,,,,,,,,
YP_009755832.1,TSFLQSGIVK,GVKLQSKRTR,VSQIQSKLTD,NTVLQALQSE,SAVMQNNELM,TVRLQAGTPT,GSTVQSKDSN,SAVMQSVGAC,PSKLQCTTNL,FTKLQSLENV,YPRLQASGDW,,,,,,,,,
ATP66760.1,TSFLQSGIVK,GVKLQSKRTR,VSQIQSKLTD,STVLQALQSE,NAVMQNNELM,TVRLQAGVAT,SAGLQSKDTN,SAVMQSVGAC,LSRLHCVTNL,FARLQSLENV,YPRLQAASDW,,,,,,,,,
AFG25758.1,TSFLQSGIVK,GVKLQSKRTR,VSQIQSRLTD,NTVLHALQSE,TVVLQNNELM,TVRLQAGTAT,GSQFQSKDTN,SAVMQSVGAC,NPRLQCTTNL,FAKLQSLENV,YPRLQAAADW,,,,,,,,,
AFG25768.1,TSFLQSGIVK,GVKLQSKRTR,VSQIQSRLTD,NTVLHALQSE,TVVLQNNELM,TVRLQAGTAT,GSQFQSKDTN,SAVMQSVGAC,NPRLQCTTNL,FTRLQSLENV,YPRLQAAADW,,,,,,,,,
AGT17724.1,TSFLQSGIVK,GVKLQSKRTR,VSQIQSRLTD,NTVLQALQSE,TVVLQNNELM,TVRLQAGTAT,GSQFQSKDTN,SAVLQSVGAC,NPRLQCTTNL,FTRLQSLENV,YPRLQAAADW,,,,,,,,,
AHA83606.1,TSFLQSGIVK,GVKLQSKRTR,VSQIQSRLTD,NTVLQALQSE,TVVLQNNELM,TVRLQAGTAT,GSQFQSKDTN,SAVMQSVGAC,NPRLQCTTNL,FTRLQSLENV,YPRLQAAADW,,,,,,,,,
P0C6X8.1,TSFLQSGIVK,GVKLQSKRTR,VSQIQSRLTD,STVLQALQSE,SVVLQNNELM,TVRLQAGTAT,GSQFQSKDTN,SAVMQSVGAC,NPRLQCTTNL,FTRLQSLENV,YPRLQAAADW,,,,,,,,,
ABD75623.1,TSFLQSGIVK,GVKLQSKTKR,VSQIQSKLTD,STVLQALQSE,NAVMQNNELM,TIRLQAGVAT,GVAVQSKDLN,SAVMQSVGAC,LSRLHCTTNL,FTMLQSLENV,YPKMQATSDW,,,,,,,,,
ABD75559.1,TSFLQSGIVK,GVKLQSKTKR,VSQIQSKLTD,STVLQALQSE,NAVMQNNELM,TIRLQAGVAT,SVAVQSKDLN,SAVMQSVGAC,LPRLHCTTNL,FTTLQSLENV,YPKMQATNDW,,,,,,,,,
ATP66754.1,TSFLQSGIVK,GVKLQSRRTR,VSQIQSKLTD,STVLQALQSE,SAVLQNNELM,TVRLQAGVAT,GAEIQSKDTN,SAVMQSVGAC,LSRLHCTTNL,FTKLQSLENV,YPRLQAANDW,,,,,,,,,
AID16653.1,TSFLQSGIVK,GVKLQSRRTR,VSQIQSKLTD,STVLQALQSE,SAVLQNNELM,TVRLQAGVAT,GAEIQSKDTN,SAVMQSVGAC,LSRLHCTTNL,FTRLQSLENV,YPRLQAANDW,,,,,,,,,
AID16659.1,TSFLQSGIVK,GVKLQSRRTR,VSQIQSKLTD,STVLQALQSE,SAVLQNNELM,TVRLQAGVAT,GAEIQSKDTN,SAVMQSVGAC,LSRLHCTTNL,FTRLQSLENV,YPRLQAATDW,,,,,,,,,
AID16647.1,TSFLQSGIVK,GVKLQSRRTR,VSQIQSKLTD,STVLQALQSE,SSFLHNIELM,TVRLQAGVAT,GAEIQSKDTN,SAVMQSVGAC,LSRLHCTTNL,FTRLQSLENV,YPRLQAANDW,,,,,,,,,
BAJ04692.1,TSFLQSGIVK,GVKLQSSRTR,VSQIQSRLTD,NTVLQALQSE,TVVLQNNELM,TVRLQAGTAT,GSQFQSKDTN,SAVMQSVGAC,NPRLQCTTNL,FTRLQSLENV,YPRLQAAADW,,,,,,,,,
YP_009755838.1,TSKLQAGLKK,GLKLQSFKKT,VGSMQSNLTD,DSLLQACAST,DTALQNNEIT,TLRLQAGKST,SYQIQGKDES,PSVLQAAGLC,GSKIQASVGL,KPVLQSLENL,YPTLQGQWAP,,,,,,,,,
ASF90495.1,TSRMQAGLKK,FGILQASKLK,ISTVQSKLTD,NSVLQSVAST,LVKLQNNEIL,SMRLQAGRPT,RSSLQTIVID,STILQSAGCC,PTVLHSTGLF,NNNLQALERL,YPTLQNDWLC,,,,,,,,,
ASF90490.1,TSRMQAGLKK,FGILQASKLK,ISTVQSKLTD,NSVLQSVAST,LVKLQNNEIL,SMRLQAGRPT,RSSLQTIVID,STILQSAGCC,PTVLHSTGLF,NNNLQVLERL,YPTLQNDWLC,,,,,,,,,
YP_009389424.1,TSRMQAGLRK,FGILQASKLK,VSTVQSKLTD,NSILQSVAST,FVKLQNNEIL,SMRLQAGRPT,RSNMQTTVVD,STILQSAGCC,PIVLHSTGLF,NNSLQALERL,YPTLQNDWLC,,,,,,,,,
ASF90459.1,TSRMQAGLRK,FGILQASKLK,VSTVQSKLTD,NSILQSVAST,FVKLQNNEIL,SMRLQAGRPT,RSNMQTTVVD,STILQSAGCC,PTVLHSTGLF,NNNLQALERL,YPTLQNDWLC,,,,,,,,,
ASF90464.1,TSRMQAGLRK,FGILQASKLK,VSTVQSKLTD,NSILQSVAST,FVKLQNNEIL,SMRLQAGRPT,RSNMQTTVVD,STILQSAGCC,PTVLHSTGLF,NNNLQALERL,YPTLQNGWLC,,,,,,,,,
YP_009824973.1,TSRMQAGLRK,FGILQASKLK,VSTVQSKLTD,NSILQSVAST,FVKLQNNEIL,SMRLQAGRPT,RSNMQTTVVD,STILQSAGCC,PTVLHSTGLF,NNSLQALERL,YPTLQNDWLC,,,,,,,,,
ASF90469.1,TSRMQSGLRK,FGILQASKLK,VSTVQSKLTD,NSILQSVAST,FVKLQNNEIL,SMRLQAGKPT,RSNMQTTIVD,STILQSAGCC,PVVLHSTGLF,NNNLQALERL,YPTLQNDWLC,,,,,,,,,
YP_009755895.1,TTRLQAGFKK,GVVLQSNPVK,VAYVQSKLTD,NTVLQAVVSE,KIVLQNNELM,VVVLQGKGHD,RPTMQFDSYS,PTTLQSCGVC,DAGLQSNTGL,FTSLQSIDNL,YPQLQSGWRS,,,,,,,,,
QJR96933.1,VGRLQAGFKK,GVRLQSSVVK,IATVQSKLSD,STVLQSVTQE,DAVLQNNELM,VVVLQSKGYE,KPLVQSDVGA,PTTLQSCGVC,EAILQGTGLF,FSALQSIDNI,YPQLQSAWCG,,,,,,,,,
APY26744.1,VSKLLAGFKK,GVRLQSSFVK,IATVQSKLSD,STVLQSVTQE,DAVLQNNELM,VVVLQSKGYE,KSSVQSDAGA,PTTLQSCGVC,EAILQGTGLF,FSALQSIDNI,YPQLQSAWTC,,,,,,,,,
YP_002308505.1,VSKLQAGVKL,PIALQSGVVK,ISTVQNKILD,TTVVQAVADA,VPQLQNNELC,TTILQANGTH,GTSLQNSAYL,SPTLQASGVC,DSQLQAGEPL,FTNLQNLENL,YPILQSLTNG,,,,,,,,,
AYG86358.1,VSRLHAGFKK,GVKLQSSIVR,IATVQSKLID,STVLQSVTQE,DAALQNNELM,VVVLQSKGHE,KPSVQSAVGV,PTTLQSCGVC,ETNLQGTGLF,FSALQSIDNI,YPQLQSAWTC,,,,,,,,,
AGW81827.1,VSRLHAGFKK,GVRLQSSFVK,ISTVQSKLSD,STVLQSVTQE,DAVLQNNELM,VVVLQSKGHE,KPSVQSDAGA,PTTLQSCGVC,EASLQGTGLF,FSALQSIDNI,YPQLQSAWTC,,,,,,,,,
QDA76308.1,VSRLHAGFKK,GVRLQSSFVR,IATVQSKLSD,STVLQSVTQE,DVALQNNELM,VVVLQSKGHE,KPSVQSVAVA,PTTLQSCGVC,VASLQGTGLF,FSALQSIDNI,YPQLQSAWCG,,,,,,,,,
ADA83546.1,VSRLHAGFKK,GVRLQSSFVR,IATVQSKLSD,STVLQSVTQE,DVALQNNELM,VVVLQSKGHE,KPSVQSVAVA,PTTLQSCGVC,VASLQGTGLF,FSALQSIDNI,YPQLQSAWTC,,,,,,,,,
AXB38892.1,VSRLQAGFKK,GVKLQSSFVR,IATVQSKLSD,STVLQSVTQE,DAALQNNELM,VVVLQSKGHE,KPSVQVVAVA,PTTLQSCGVC,ETSLQGTGLF,FSALQSIDNI,YPQLQSAWCG,,,,,,,,,
AAS00078.1,VSRLQAGFKK,GVKLQSSIVR,IATVQSKLSD,STVLQSVTQE,DAALQNNELM,VVVLQSKGHE,KPSVQSAAGA,PTTLQSCGVC,ETSLQGTGLF,FSALQSIDNI,YPQLQSAWTC,,,,,,,,,
AYG86371.1,VSRLQAGFKK,GVKLQSSIVR,IATVQSKLSD,STVLQSVTQE,DAALQNNELM,VVVLQSKGHE,KPSVQSAVGV,PTTLQSCGVC,ETNLQGTGLF,FSALQSIDNI,YPQLQSAWTC,,,,,,,,,
AMD40261.1,VSRLQAGFKK,GVRLQFSVVK,IATVQSKLSD,STVLQSVTKE,DAVLQNNELM,VVVLQSKGYE,KPAIQADAGA,PTTLQSCGVC,EASLQGTGLF,FSALQSIDNI,YPQLQSAWTC,,,,,,,,,
QDA76245.1,VSRLQAGFKK,GVRLQFSVVK,IATVQSKLSD,STVLQSVTQE,DAVLQNNELM,VVVLQSKGYE,KPSVQSDAGA,PTTLQSCGVC,EASLQGTGLF,FSALQSIDNI,YPQLQSAWCG,,,,,,,,,
AZA07841.1,VSRLQAGFKK,GVRLQFSVVK,IATVQSKLSD,STVLQSVTQE,DVVLQNNELM,VVVLQSKGYE,KPSVQSDAGA,PTTLQSCGVC,EASLQGTGLF,FSALQSIDNI,YPQLQSAWCG,,,,,,,,,
AHX26126.1,VSRLQAGFKK,GVRLQSPFVR,IATVQSKLSD,STVLQSVTQE,DVALQNNELM,VVVLQSKGHE,KPSVQSAAGV,PTTLQSCGVC,EISLQGTGLF,FSALQSIDNI,YPQLQSAWCG,,,,,,,,,
APZ73750.1,VSRLQAGFKK,GVRLQSSAVK,IATVQSKLSD,STVLQSVTQE,DVVLQNNELM,VVVLQSKGYE,KSLVQSDAGA,PTTLQSCGVC,EAILQGTGLF,FSALQSIDNI,YPQLQSAWCG,,,,,,,,,
AKS25224.1,VSRLQAGFKK,GVRLQSSAVK,IATVQSKLSD,STVLQSVTQE,DVVLQNNELM,VVVLQSKGYE,KSLVQSDAGA,PTTLQSCGVC,EAILQGTGLF,FSALQSIDNI,YPQLQSAWTC,,,,,,,,,
APP92753.1,VSRLQAGFKK,GVRLQSSFIR,ISTVQSKLSD,STVLQSVTQE,EAALQNNELM,VVVLQSKGHE,QPSIQSAVSA,PTTLQSCGVC,EASLQGTGLF,FSALQSIDNI,YPQLQSAWTC,,,,,,,,,
AIG54293.1,VSRLQAGFKK,GVRLQSSFIR,ISTVQSKLSD,STVLQSVTQE,EAALQNNELM,VVVLQSKGHE,QPSVQSAVSA,PTTLQSCGVC,EASLQGTGLF,FSALQSIDNI,YPQLQSAWTC,,,,,,,,,
APP92740.1,VSRLQAGFKK,GVRLQSSFIR,ISTVQSKLSD,STVLQSVTQE,EVALQNNELM,VVVLQSKGHE,QPSVQSAVSA,PTTLQSCGVC,EASLQGTGLF,FSALQSIDNI,YPQLQSAWTC,,,,,,,,,
AAQ21583.1,VSRLQAGFKK,GVRLQSSFVK,IATVQSKLSD,LTVLQSVTQE,DAALQNNELM,VVVLQSKGHE,KPLVQSDAGA,PTTLQSCGVC,GASLQGTGLF,FSALQSIDNI,YPQLQSAWTC,,,,,,,,,
QIV13707.1,VSRLQAGFKK,GVRLQSSFVK,IATVQSKLSD,STVLQSVTQE,AAALQNNELM,VVVLQSKGHE,KSNVQSDAGA,PTTLQSCGVC,AANLQGTGLF,FSALQSIDNI,YPQLQSAWTC,,,,,,,,,
AFQ94239.1,VSRLQAGFKK,GVRLQSSFVK,IATVQSKLSD,STVLQSVTQE,DAALQNNELM,VVVLQSKGHE,KPSVQAAAGA,PTTLQSCGVC,ETSLQGTGLF,FSALQSIDNI,YPQLQSAWTC,,,,,,,,,
QDA76263.1,VSRLQAGFKK,GVRLQSSFVK,IATVQSKLSD,STVLQSVTQE,DAALQNNELM,VVVLQSKGHE,KPSVQSDAGA,PTTLQSCGVC,EASLQGTGLF,FSALQSIDNI,YPQLQSVWCG,,,,,,,,,
QJS39689.1,VSRLQAGFKK,GVRLQSSFVK,IATVQSKLSD,STVLQSVTQE,DAALQNNELM,VVVLQSKGHE,KSNVQSDAGA,PTTLQSCGVC,EANLQGTGLF,FSALQSIDNI,YPQLQSAWCG,,,,,,,,,
AOC59721.1,VSRLQAGFKK,GVRLQSSFVK,IATVQSKLSD,STVLQSVTQE,DAALQNNELM,VVVLQSKGHE,KSNVQSDAGA,PTTLQSCGVC,EANLQGTGLF,FSALQSIDNI,YPQLQSAWTC,,,,,,,,,
QJS39716.1,VSRLQAGFKK,GVRLQSSFVK,IATVQSKLSD,STVLQSVTQE,DAALQNNELM,VVVLQSKGHE,KSNVQSDASA,PTTLQSCGVC,EANLQGTGLF,FSALQSIDNI,YPQLQSAWCG,,,,,,,,,
QJS39671.1,VSRLQAGFKK,GVRLQSSFVK,IATVQSKLSD,STVLQSVTQE,DAALQNNELM,VVVLQSKGHE,KTNVQSDAGA,PTTLQSCGVC,EANLQGTGLF,FSALQSIDNI,YPQLQSAWCG,,,,,,,,,
AAP92673.1,VSRLQAGFKK,GVRLQSSFVK,IATVQSKLSD,STVLQSVTQE,DAVLQNNELM,VVVLQSKGHE,KPSVQSAAGA,PTTLQSCGVC,EASLQGTGLF,FSALQSIDNI,YPQLQSAWTC,,,,,,,,,
QDQ69171.1,VSRLQAGFKK,GVRLQSSFVK,IATVQSKLSD,STVLQSVTQE,DAVLQNNELM,VVVLQSKGYE,KPSVQSDAGA,PTTLQSCGVC,EALLQGTGLF,FSALQSIDNI,YPQLQSAWTC,,,,,,,,,
QDQ69184.1,VSRLQAGFKK,GVRLQSSFVK,IATVQSKLSD,STVLQSVTQE,DVALQNNELM,VVVLQSKGYE,KPSIQSAAGV,PTTLQSCGVC,EASLQGTGLF,FSALQSIDNI,YPQLQSAWTC,,,,,,,,,
AQY55883.1,VSRLQAGFKK,GVRLQSSFVK,IATVQSKLSD,STVLQSVTQE,DVVLQNNELM,VVVLQSKGYE,KPSVQSDAGA,PTTLQSCGVC,EASLQGTGLF,FSALQSIDNI,YPQLQSAWYG,,,,,,,,,
APY23595.1,VSRLQAGFKK,GVRLQSSFVK,IATVQSKLSD,STVLQSVTQE,DVVLQNNELM,VVVLQSKGYE,KPSVQSDVGA,PTTLQSCGVC,EAILQGTGLF,FSALQSIDNI,YPQLQSAWCG,,,,,,,,,
AGK85497.1,VSRLQAGFKK,GVRLQSSFVK,ISTVQSKLSD,STVLQSVTQE,DAALQNNDLM,VVVLQSKGHE,KPSVQSDAGA,PTTLQSCGVC,ETSLQGTGLF,FSALQSIDNI,YPQLQSAWTC,,,,,,,,,
ACH72802.1,VSRLQAGFKK,GVRLQSSFVK,ISTVQSKLSD,STVLQSVTQE,DAALQNNELM,VVVLQSKGHE,KPSVQSDAGA,PTTLQSCGVC,EAILQGTGLF,FSALQSIDNI,YPQLQSAWTC,,,,,,,,,
AVI69484.1,VSRLQAGFKK,GVRLQSSFVK,ISTVQSKLSD,STVLQSVTQE,DAALQNNELM,VVVLQSKGHE,QPSLQSVAGA,PTTLQSCGVC,EASLQGTGLF,FSALQSIDNI,YPQLQSAWTC,,,,,,,,,
APZ73705.1,VSRLQAGFKK,GVRLQSSFVK,ISTVQSKLSD,STVLQSVTQE,DAVLQNNELM,VVVLQSKGHE,KPSVQSDAGA,PTTLQSCGVC,EASLQGTGLF,FSALQSIDNI,YPQLQSAWCG,,,,,,,,,
AGW81825.1,VSRLQAGFKK,GVRLQSSFVK,ISTVQSKLSD,STVLQSVTQE,DAVLQNNELM,VVVLQSKGHE,KPSVQSDAGA,PTTLQSCGVC,EASLQGTGLF,FSALQSIDNI,YPQLQSAWTC,,,,,,,,,
AQY55829.1,VSRLQAGFKK,GVRLQSSFVK,ISTVQSKLSD,STVLQSVTQE,DAVLQNNELM,VVVLQSKGYE,KPSVQSDAGA,PTTLQSCGVC,EASLQGTGLF,FSALQSIDNI,YPQLQSAWCG,,,,,,,,,
APX44064.1,VSRLQAGFKK,GVRLQSSFVK,ISTVQSKLSD,STVLQSVTQE,DAVLQNNELM,VVVLQSKGYE,KPSVQSDAGA,PTTLQSCGVC,EVSLQGTGLF,FSALQSIDNI,YPQLQSAWCG,,,,,,,,,
QDQ69119.1,VSRLQAGFKK,GVRLQSSFVR,IAAVQSKLTD,STVLQSVTQE,DVALQNNELM,VVVLQSKGYE,KPSVQSAAGA,PTTLQSCGVC,EANLQGTGLF,FSVLQSIDNI,YPQLQSVWTC,,,,,,,,,
AFQ94230.1,VSRLQAGFKK,GVRLQSSFVR,IATVQSKLSD,STVLQSVTQE,DAALQNNELM,VVVLQSKGHE,KPSVQAAAGA,PTTLQSCGVC,ETSLQGTGLF,FSALQSIDNI,YPQLQSAWTC,,,,,,,,,
ACC94324.1,VSRLQAGFKK,GVRLQSSFVR,IATVQSKLSD,STVLQSVTQE,DAALQNNELM,VVVLQSKGYE,KPNVQSDVGA,PTTLQSCGVC,EANLQGTGLF,FSALQSIDNI,YPQLQSAWTC,,,,,,,,,
ADV71786.1,VSRLQAGFKK,GVRLQSSFVR,IATVQSKLSD,STVLQSVTQE,DVALQNNELM,VVVLQSIGHE,KPSVQSAAGV,PTTLQSCGVC,EISLQGTGLF,FSALQSIDNI,YPQLQSAWTC,,,,,,,,,
AXQ05199.1,VSRLQAGFKK,GVRLQSSFVR,IATVQSKLSD,STVLQSVTQE,DVALQNNELM,VVVLQSKGHE,KPFVQSAAGV,PTTLQSCGVC,EISLQGTGLF,FSALQSIDNI,YPQLQSAWCG,,,,,,,,,
AJP16720.1,VSRLQAGFKK,GVRLQSSFVR,IATVQSKLSD,STVLQSVTQE,DVALQNNELM,VVVLQSKGHE,KPFVQSTAGA,PTTLQSCGVC,ETSLQGTGLF,FSALQSIDNI,YPQLQSAWCG,,,,,,,,,
AGY56139.1,VSRLQAGFKK,GVRLQSSFVR,IATVQSKLSD,STVLQSVTQE,DVALQNNELM,VVVLQSKGHE,KPFVQSTAGA,PTTLQSCGVC,ETSLQGTGLF,FSALQSIDNI,YPQLQSAWTC,,,,,,,,,
ANY58999.1,VSRLQAGFKK,GVRLQSSFVR,IATVQSKLSD,STVLQSVTQE,DVALQNNELM,VVVLQSKGHE,KPSVQSAAGV,PTTLQSCGVC,DVSLQGTGLF,FSALQSIDNI,YPQLQSAWTC,,,,,,,,,
QJS39680.1,VSRLQAGFKK,GVRLQSSFVR,IATVQSKLSD,STVLQSVTQE,DVALQNNELM,VVVLQSKGHE,KPSVQSAAGV,PTTLQSCGVC,EANLQGTGLF,FSALQSIDNI,YPQLQSAWCG,,,,,,,,,
AKC34132.1,VSRLQAGFKK,GVRLQSSFVR,IATVQSKLSD,STVLQSVTQE,DVALQNNELM,VVVLQSKGHE,KPSVQSAAGV,PTTLQSCGVC,EASLQGTGLF,FSALQSIDNI,YPQLQSAWTC,,,,,,,,,
QDA76317.1,VSRLQAGFKK,GVRLQSSFVR,IATVQSKLSD,STVLQSVTQE,DVALQNNELM,VVVLQSKGHE,KPSVQSAAGV,PTTLQSCGVC,EISLQGTGLF,FSALQSIDNI,YPQLQSAWCG,,,,,,,,,
ACQ55229.1,VSRLQAGFKK,GVRLQSSFVR,IATVQSKLSD,STVLQSVTQE,DVALQNNELM,VVVLQSKGHE,KPSVQSAAGV,PTTLQSCGVC,EISLQGTGLF,FSALQSIDNI,YPQLQSAWTC,,,,,,,,,
QDA76299.1,VSRLQAGFKK,GVRLQSSFVR,IATVQSKLSD,STVLQSVTQE,DVALQNNELM,VVVLQSKGHE,KPSVQSAAGV,PTTLQSCGVC,EISLQGTGLL,FSALQSIDNI,YSQLQSAWCG,,,,,,,,,
AGJ98436.1,VSRLQAGFKK,GVRLQSSFVR,IATVQSKLSD,STVLQSVTQE,DVALQNNELM,VVVLQSKGHE,KPSVQSAAGV,PTTLQSCGVC,ETSLQGTGLF,FSALQSIDNI,YPQLQSAWCG,,,,,,,,,
ASF20078.1,VSRLQAGFKK,GVRLQSSFVR,IATVQSKLSD,STVLQSVTQE,DVALQNNELM,VVVLQSKGHE,KPSVQSARVR,PTTLQSCGVC,EISLQGTGLF,FSALQSIDNI,YPQLQSAWTC,,,,,,,,,
ARS23151.1,VSRLQAGFKK,GVRLQSSFVR,IATVQSKLSD,STVLQSVTQE,DVALQNNELM,VVVLQSKGHE,KPSVQSAVGA,PTTLQSCGVC,GTSLQGTGLF,FSALQSIDNI,YPQLQSAWTC,,,,,,,,,
AHX25919.1,VSRLQAGFKK,GVRLQSSFVR,IATVQSKLSD,STVLQSVTQE,DVALQNNELM,VVVLQSKGHE,KPSVQSAVGV,PTTLQSCGVC,EISLQGTGLF,FSALQSIDNI,YPQLQSAWCG,,,,,,,,,
QDA76290.1,VSRLQAGFKK,GVRLQSSFVR,IATVQSKLSD,STVLQSVTQE,DVALQNNELM,VVVLQSKGHE,KPSVQSVAVA,PTTLQSCGVC,VASLQGTGLF,FSALQSIDNI,YPQLQSAWCG,,,,,,,,,
ACJ12832.1,VSRLQAGFKK,GVRLQSSFVR,IATVQSKLSD,STVLQSVTQE,DVALQNNELM,VVVLQSKGHE,KPSVQSVAVA,PTTLQSCGVC,VASLQGTGLF,FSALQSIDNI,YPQLQSAWTC,,,,,,,,,
ARJ35781.1,VSRLQAGFKK,GVRLQSSFVR,IATVQSKLSD,STVLQSVTQE,DVALQNNELM,VVVLQSRGHE,KPSVQSAVGA,PTTLQSCGVC,DVSLQGTGLF,FSALQSIDNI,YPQLQSAWTC,,,,,,,,,
QGM12389.1,VSRLQAGFKK,GVRLQSSFVR,IATVQSKLSD,STVLQSVTQE,DVALQNNELV,VVVLQSKGHE,KPSVQSAAGA,PTTLQSCGVC,ETSLQGTGLF,FSALQSIDNI,YPQLQSAWTC,,,,,,,,,
QGM12414.1,VSRLQAGFKK,GVRLQSSFVR,IATVQSKLSD,STVLQSVTQE,DVALQNNELV,VVVLQSKGHE,KPSVQSAAGV,PTTLQSCGVC,ETSLQGTGLF,FSALQSIDNI,YPQLQSAWTC,,,,,,,,,
AXQ05189.1,VSRLQAGFKK,GVRLQSSFVR,IATVQSKLSD,STVLQSVTQE,NVALQNNELM,VVVLQSKGHE,KPSVQSAAGV,PTTLQSCGVC,DVSLQGTGLF,FSALQSIDNI,YPQLQSAWCG,,,,,,,,,
APP92727.1,VSRLQAGFKK,GVRLQSSFVR,ISTVQSKLSD,STVLQSVVQE,DAVLQNNELL,VVVLQSKGHE,KPAVQSDAGA,PTTLQSCGVC,EASLQGTGLF,FSALQSIDNI,YPQLQSAWTC,,,,,,,,,
APY23577.1,VSRLQAGFKK,GVRLQSSGVK,IATVQSKLSD,STVLQSVTQE,DAVLQNNELM,VVVLQSKGYE,KPSVQSDAGV,PTTLQSCGVC,EAILQGTGLF,FSALQSIDNI,YPQLQSAWCG,,,,,,,,,
AFY11697.1,VSRLQAGFKK,GVRLQSSIVK,IATVQSKLSD,STVLQSVTQE,DAVLQNNELM,VVVLQSKGYE,KPSVQSDAGA,PTTLQSCGVC,EASLQGTGLF,FSALQSIDNI,YPQLQSAWTC,,,,,,,,,
AQD20745.1,VSRLQAGFKK,GVRLQSSIVK,IATVQSKLSD,STVLQSVTQE,DVVLQNNELM,VVVLQSKGYE,KPLVQSDAGA,PTTLQSCGVC,EAILQGTGLF,FSALQSIDNI,YPQLQSAWCG,,,,,,,,,
AXT92414.1,VSRLQAGFKK,GVRLQSSIVR,IAAVQSKLSD,STVLQSVTQE,DVALQNNELM,VVVLQSKGHE,KPSVQSVTCA,PTTLQSCGVC,ETSLQGTGLF,FSALQSIDNI,YPQLQSAWCG,,,,,,,,,
ADV71798.1,VSRLQAGFKK,GVRLQSSIVR,IATVQSKLID,STVLQSVTQE,DAALQNNELM,VVVLQSKGHE,KSSVQSAAGA,PTTLQSCGVC,ETSLQGTGLF,FSALQSIDNI,YPQLQSAWTC,,,,,,,,,
QDQ69145.1,VSRLQAGFKK,GVRLQSSIVR,IATVQSKLND,STVLQSVTQE,DAALQNNELM,VVVLQSKGHE,KPSVQSAVGA,PTTLQSCGVC,ETSLQGTGLF,FSALQSIDNI,YPQLQSAWTC,,,,,,,,,
ADA83486.1,VSRLQAGFKK,GVRLQSSIVR,IATVQSKLSD,STVLQSVAQE,DVALQNNELM,VVVLQSKGHE,KPSVQSDAGA,PTTLQSCGVC,ETNLQGTGLF,FSALQSIDNL,YPQLQSAWTC,,,,,,,,,
ACV87266.1,VSRLQAGFKK,GVRLQSSIVR,IATVQSKLSD,STVLQSVTQE,DAAFQNNELM,VVVLQSKGHE,KPSVQLVAGA,PTTLQSCGVC,ETSLQGTGLF,FSALQSIDNI,YPQLQSAWTC,,,,,,,,,
ACB59371.1,VSRLQAGFKK,GVRLQSSIVR,IATVQSKLSD,STVLQSVTQE,DAALQNNELM,VVVLQSKGHE,KPFVQSVAGA,PTTLQSCGVC,ETSLQGTGLF,FSALQSIDNI,YPQLQSAWTC,,,,,,,,,
ARS22468.1,VSRLQAGFKK,GVRLQSSIVR,IATVQSKLSD,STVLQSVTQE,DAALQNNELM,VVVLQSKGHE,KPFVQTAVSV,PTTLQSCGVC,ETNLQGTGLF,FSALQSIDNI,YPQLQSAWTC,,,,,,,,,
AKV60428.1,VSRLQAGFKK,GVRLQSSIVR,IATVQSKLSD,STVLQSVTQE,DAALQNNELM,VVVLQSKGHE,KPSVQAAAGA,PTTLQSCGVC,ETSLQGTGLF,FSALQSIDNI,YPQLQSAWTC,,,,,,,,,
ADV71735.1,VSRLQAGFKK,GVRLQSSIVR,IATVQSKLSD,STVLQSVTQE,DAALQNNELM,VVVLQSKGHE,KPSVQLAAGA,PTTLQSCGVC,ETSLQGTGLF,FSALQSIDNI,YPQLQSAWTC,,,,,,,,,
ADP06493.1,VSRLQAGFKK,GVRLQSSIVR,IATVQSKLSD,STVLQSVTQE,DAALQNNELM,VVVLQSKGHE,KPSVQSAAGA,PTTLQSCGVC,ETSLQGTGLF,FSALQSIDNI,YPQLQSAWAC,,,,,,,,,
ADP06482.1,VSRLQAGFKK,GVRLQSSIVR,IATVQSKLSD,STVLQSVTQE,DAALQNNELM,VVVLQSKGHE,KPSVQSAAGA,PTTLQSCGVC,ETSLQGTGLF,FSALQSIDNI,YPQLQSAWTC,,,,,,,,,
QDA76326.1,VSRLQAGFKK,GVRLQSSIVR,IATVQSKLSD,STVLQSVTQE,DAALQNNELM,VVVLQSKGHE,KPSVQSAAGA,PTTLQSCGVC,VASLQGTGLF,FSALQSIDNI,YPQLQSAWCG,,,,,,,,,
ARS22428.1,VSRLQAGFKK,GVRLQSSIVR,IATVQSKLSD,STVLQSVTQE,DAALQNNELM,VVVLQSKGHE,KPSVQSAVGV,PTTLQSCGVC,ETNLQGTGLF,FSALQSIDNI,YPQLQSAWTC,,,,,,,,,
ABW81426.1,VSRLQAGFKK,GVRLQSSIVR,IATVQSKLSD,STVLQSVTQE,DAALQNNELM,VVVLQSKGHE,KPSVQSVAGA,PTTLQSCGVC,ETSLQGTGLF,FSALQSIDNI,YPQLQSAWTC,,,,,,,,,
ADP06460.1,VSRLQAGFKK,GVRLQSSIVR,IATVQSKLSD,STVLQSVTQE,DAALQNNELM,VVVLQSKGHE,KSFVQSVAGA,PTTLQSCGVC,ETNLQGTGLF,FSALQSIDNI,YPQLQSAWTC,,,,,,,,,
ARS22418.1,VSRLQAGFKK,GVRLQSSIVR,IATVQSKLSD,STVLQSVTQE,DAALQNNELM,VVVLQSKGHE,KTSVQSAVVV,PTTLQSCVVC,ETNLQGTGLF,FSALQSIDNI,YPQLQSAWTC,,,,,,,,,
QGX07409.1,VSRLQAGFKK,GVRLQSSIVR,IATVQSKLSD,STVLQSVTQE,DAALQNNELM,VVVLQSKGYE,KPSIQSAAGA,PTTLQSCGVC,ETSLQGTGLF,FSALQSIDNI,YPQLQSAWTC,,,,,,,,,
AYA44689.1,VSRLQAGFKK,GVRLQSSIVR,IATVQSKLSD,STVLQSVTQE,DAVLQNNELM,VVVLQSKGHE,KSSVQSAAGA,PTTLQSCGVC,ETNLQGTGLF,FSALQSIDNI,YPQLQSAWTC,,,,,,,,,
APY23541.1,VSRLQAGFKK,GVRLQSSIVR,IATVQSKLSD,STVLQSVTQE,DAVLQNNELM,VVVLQSKGYE,KPSVQSDAGV,PTTLQSCGVC,EASLQGTGLF,FSALQSIDNI,YPQLQSAWCG,,,,,,,,,
ADA83476.1,VSRLQAGFKK,GVRLQSSIVR,IATVQSKLSD,STVLQSVTQE,DVALQNNELM,VVVLQSKGHE,KPSVQSAAGA,PTTLQSCGVC,EISLQGTGLF,FSALQSIDNI,YPQLQSAWTC,,,,,,,,,
CAZ86697.1,VSRLQAGFKK,GVRLQSSIVR,IATVQSKLSD,STVLQSVTQE,DVALQNNELM,VVVLQSKGHE,KPSVQSAAGV,PTTLQSCGVC,EAILQGTGLF,FSALQSIDNI,YPQLQSAWTC,,,,,,,,,
ARS22458.1,VSRLQAGFKK,GVRLQSSIVR,IATVQSKLSD,STVLQSVTQE,DVALQNNELM,VVVLQSKGHE,KSSVQSAAGV,PTTLQSCGVC,ETNLQGTGLF,FSALQSIDNI,YPQLQSAWTC,,,,,,,,,
QDQ69132.1,VSRLQAGFKK,GVRLQSSIVR,IATVQSKLSD,STVLQSVTQE,DVYLQNNELM,VVVLQSKGYE,KPSVQSAAGA,PTTLQSCGVC,EASLQGTGLF,FSALQSIDNI,YPQLQSAWTC,,,,,,,,,
AQD20754.1,VSRLQAGFKK,GVRLQSSVVK,IAIVQSKLSD,STVLQSVTQE,DAVLQNNELI,VVVLQSKGYE,KPSVQSDAGA,PTTLQSCGVC,EASLQGTGLF,FSALQSIDNI,YPQLQSAWCG,,,,,,,,,
APY26727.1,VSRLQAGFKK,GVRLQSSVVK,IATVQSKLSD,LTVLQSVTQE,DAVLQNNELM,VVVLQSKGHE,KPSVQSVAGA,PTTLQSCGVC,EASLQGTGLF,FSALQSIDNV,YPQLQSAWCG,,,,,,,,,
APY23478.1,VSRLQAGFKK,GVRLQSSVVK,IATVQSKLSD,SIVLQSVTQE,DAVLQNNELM,VVVLQSKGYE,KPSVQSNAGA,PTTLQSCGVC,EAILQGTGLF,FSALQSIDNI,YPQLQSAWCG,,,,,,,,,
AJR29312.1,VSRLQAGFKK,GVRLQSSVVK,IATVQSKLSD,STVLQSVTQE,DAVLQNNELI,VVVLQSKGYE,KPSVQSDAGA,PTTLQSCGVC,EASLQGTGLF,FSALQSIDNI,YPQLQSAWCG,,,,,,,,,
APV46129.1,VSRLQAGFKK,GVRLQSSVVK,IATVQSKLSD,STVLQSVTQE,DAVLQNNELM,VVVLQFKGYE,KPLVQSDAGA,PTTLQSCGVC,EAILQGTGLF,FSALQSIDNI,YPQLQSAWCG,,,,,,,,,
APU51837.1,VSRLQAGFKK,GVRLQSSVVK,IATVQSKLSD,STVLQSVTQE,DAVLQNNELM,VVVLQSKGHE,KSSVQSDAGA,PTTLQSCGVC,EASLQGTGLF,FSALQSIDNI,YPQLQSAWCG,,,,,,,,,
APX44046.1,VSRLQAGFKK,GVRLQSSVVK,IATVQSKLSD,STVLQSVTQE,DAVLQNNELM,VVVLQSKGHE,KSSVQSVAGA,PTTLQSCGVC,EASLQGTGLF,FSALQSIDNI,YPQLQSAWCG,,,,,,,,,
APZ73759.1,VSRLQAGFKK,GVRLQSSVVK,IATVQSKLSD,STVLQSVTQE,DAVLQNNELM,VVVLQSKGYE,KFSVQSDAGA,PTTLQSCGVC,EAILQGTGLF,FSALQSIDNI,YPQLQSAWCG,,,,,,,,,
AYC44181.1,VSRLQAGFKK,GVRLQSSVVK,IATVQSKLSD,STVLQSVTQE,DAVLQNNELM,VVVLQSKGYE,KPLVQSDAGA,PTTLQSCGVC,EAILQGTGLF,FSALQSIDNI,YPQLQSAWCG,,,,,,,,,
APY26806.1,VSRLQAGFKK,GVRLQSSVVK,IATVQSKLSD,STVLQSVTQE,DAVLQNNELM,VVVLQSKGYE,KPLVQSDAGA,PTTLQSCGVC,EASLQGTGLF,FSALQSIDNI,YPQLQSAWCG,,,,,,,,,
AKS25251.1,VSRLQAGFKK,GVRLQSSVVK,IATVQSKLSD,STVLQSVTQE,DAVLQNNELM,VVVLQSKGYE,KPLVQSDAGA,PTTLQSCGVC,EASLQGTGLF,FSALQSIDNI,YPQLQSAWTC,,,,,,,,,
APX44055.1,VSRLQAGFKK,GVRLQSSVVK,IATVQSKLSD,STVLQSVTQE,DAVLQNNELM,VVVLQSKGYE,KPLVQSDAVA,PTTLQSCGVC,EASLQGTGLF,FSALQSIDNI,YPQLQSAWCG,,,,,,,,,
AKS25233.1,VSRLQAGFKK,GVRLQSSVVK,IATVQSKLSD,STVLQSVTQE,DAVLQNNELM,VVVLQSKGYE,KPSFQSDAGA,PTTLQSCGVC,EASLQGTGLF,FSALQSIDNI,YPQLQSAWTC,,,,,,,,,
APY23514.1,VSRLQAGFKK,GVRLQSSVVK,IATVQSKLSD,STVLQSVTQE,DAVLQNNELM,VVVLQSKGYE,KPSIQSDAGA,PTTLQSCGVC,EASLQGTGLF,FSALQSIDNI,YPQLQSAWCG,,,,,,,,,
AGE13890.1,VSRLQAGFKK,GVRLQSSVVK,IATVQSKLSD,STVLQSVTQE,DAVLQNNELM,VVVLQSKGYE,KPSIQSDAGA,PTTLQSCGVC,EASLQGTGLF,FSALQSIDNI,YPQLQSAWTC,,,,,,,,,
APY23559.1,VSRLQAGFKK,GVRLQSSVVK,IATVQSKLSD,STVLQSVTQE,DAVLQNNELM,VVVLQSKGYE,KPSVQSDAGA,PTTLQSCGVC,DAILQGTGLF,FSALQSIDNI,YPQLQSAWCG,,,,,,,,,
APY26709.1,VSRLQAGFKK,GVRLQSSVVK,IATVQSKLSD,STVLQSVTQE,DAVLQNNELM,VVVLQSKGYE,KPSVQSDAGA,PTTLQSCGVC,EAILQGTGLF,FSALQSIDNI,YPQLQSAWCG,,,,,,,,,
APY26851.1,VSRLQAGFKK,GVRLQSSVVK,IATVQSKLSD,STVLQSVTQE,DAVLQNNELM,VVVLQSKGYE,KPSVQSDAGA,PTTLQSCGVC,EASLQGTGLF,FSALQSIDNI,YPQLQSAWCG,,,,,,,,,
AGZ89680.1,VSRLQAGFKK,GVRLQSSVVK,IATVQSKLSD,STVLQSVTQE,DAVLQNNELM,VVVLQSKGYE,KPSVQSDAGA,PTTLQSCGVC,EASLQGTGLF,FSALQSIDNI,YPQLQSAWTC,,,,,,,,,
APY26860.1,VSRLQAGFKK,GVRLQSSVVK,IATVQSKLSD,STVLQSVTQE,DAVLQNNELM,VVVLQSKGYE,KPSVQSDAGA,PTTLQSCGVC,EAVLQGTGLF,FSALQSIDNI,YPQLQSAWCG,,,,,,,,,
AQY55865.1,VSRLQAGFKK,GVRLQSSVVK,IATVQSKLSD,STVLQSVTQE,DAVLQNNELM,VVVLQSKGYE,KPSVQSDAGA,PTTLQSWGVC,EAILQGTGLF,FSALQSIDNI,YPQLQSAWCG,,,,,,,,,
APV46093.1,VSRLQAGFKK,GVRLQSSVVK,IATVQSKLSD,STVLQSVTQE,DAVLQNNELM,VVVLQSKGYE,KPSVQSDAGV,PTTLQSCGVC,EAILQGTGLF,FSALQSIDNI,YPQLQSAWCG,,,,,,,,,
AHB74016.1,VSRLQAGFKK,GVRLQSSVVK,IATVQSKLSD,STVLQSVTQE,DAVLQNNELM,VVVLQSKGYE,KPSVQSDAGV,PTTLQSCGVC,EAILQGTGLF,FSALQSIDNI,YPQLQSAWTC,,,,,,,,,
AQY55874.1,VSRLQAGFKK,GVRLQSSVVK,IATVQSKLSD,STVLQSVTQE,DAVLQNNELM,VVVLQSKGYE,KPSVQSDAGV,PTTLQSCGVC,EASLQGTGLF,FSALQSIDNI,YPQLQSAWCG,,,,,,,,,
APY26788.1,VSRLQAGFKK,GVRLQSSVVK,IATVQSKLSD,STVLQSVTQE,DAVLQNNELM,VVVLQSKGYE,KPSVQSDAGV,PTTLQSCGVC,GAILQGTGLF,FSALQSIDNI,YPQLQSAWCG,,,,,,,,,
AFH35028.1,VSRLQAGFKK,GVRLQSSVVK,IATVQSKLSD,STVLQSVTQE,DAVLQNNELM,VVVLQSKGYE,KPSVQSDAVA,PTTLQSCGVC,EASLQGTGLF,FSALQSIDNI,YPQLQSAWTC,,,,,,,,,
ANI87709.1,VSRLQAGFKK,GVRLQSSVVK,IATVQSKLSD,STVLQSVTQE,DAVLQNNELM,VVVLQSKGYE,KPSVQSDAVA,PTTLQSCGVC,EASLQGTGLF,FTALQSIDNI,YPQLQSAWTC,,,,,,,,,
ARS22408.1,VSRLQAGFKK,GVRLQSSVVK,IATVQSKLSD,STVLQSVTQE,DAVLQNNELM,VVVLQSKGYE,KPSVQSDVGV,PTTLQSCGVC,EASLQGTGLF,FSALQSIDNI,YPQLQSAWTC,,,,,,,,,
AQD20709.1,VSRLQAGFKK,GVRLQSSVVK,IATVQSKLSD,STVLQSVTQE,DAVLQNNELM,VVVLQSKGYE,KPSVQSEAGA,PTTLQSCGVC,EASLQGTGLF,FSALQSIDNI,YPQLQSAWCG,,,,,,,,,
APZ73833.1,VSRLQAGFKK,GVRLQSSVVK,IATVQSKLSD,STVLQSVTQE,DAVLQNNELM,VVVLQSKGYE,KPSVQSNAGA,PTTLQSCGVC,EAILQGTGLF,FSALQSIDNI,YPQLQSAWCG,,,,,,,,,
APY26797.1,VSRLQAGFKK,GVRLQSSVVK,IATVQSKLSD,STVLQSVTQE,DAVLQNNELM,VVVLQSKGYE,KSSVQSDAGA,PTTLQSCGVC,EAILQGTGLF,FSALQSIDNI,YPQLQSAWCG,,,,,,,,,
APY26824.1,VSRLQAGFKK,GVRLQSSVVK,IATVQSKLSD,STVLQSVTQE,DAVLQNNELM,VVVLQSKGYE,KSSVQSDAGA,PTTLQSCGVC,EAILQGTGLF,FSALQSIDNI,YPQLQSAWTC,,,,,,,,,
APV46120.1,VSRLQAGFKK,GVRLQSSVVK,IATVQSKLSD,STVLQSVTQE,DAVLQNNELM,VVVLQSKGYE,KSSVQSDAGA,PTTLQSCGVC,EASLQGTGLF,FSALQSIDNI,YPQLQSAWCG,,,,,,,,,
APY26815.1,VSRLQAGFKK,GVRLQSSVVK,IATVQSKLSD,STVLQSVTQE,DAVLQNNELM,VVVLQSKGYE,KSSVQSDAGA,PTTLQSCGVC,EASLQGTGLF,FSALQSIDNI,YPQLQSAWTC,,,,,,,,,
APY23568.1,VSRLQAGFKK,GVRLQSSVVK,IATVQSKLSD,STVLQSVTQE,DAVLQNNELM,VVVLQSKGYE,KSSVQSDAGA,PTTLQSCGVC,ETSLQGTGLF,FSALQSIDNI,YPQLQSAWCG,,,,,,,,,
APY26718.1,VSRLQAGFKK,GVRLQSSVVK,IATVQSKLSD,STVLQSVTQE,DAVLQNNELM,VVVLQSKGYE,KSSVQSDAGV,PTTLQSCGVC,EAILQGTGLF,FSALQSIDNI,YPQLQSAWCG,,,,,,,,,
AZA07823.1,VSRLQAGFKK,GVRLQSSVVK,IATVQSKLSD,STVLQSVTQE,DVALQNNELM,VVVLQSKGYE,KPSVQSDAGA,PTTLQSCGVC,EASLQGTGLF,FSALQSIDNI,YPQLQSAWCG,,,,,,,,,
AFQ94221.1,VSRLQAGFKK,GVRLQSSVVK,IATVQSKLSD,STVLQSVTQE,DVVLQNNELM,VVVLQSKGHE,KPLVQSDAGA,PTTLQSCGVC,EVILQGTGLF,FSALQSIDNI,YPQLQSAWTC,,,,,,,,,
AQY55811.1,VSRLQAGFKK,GVRLQSSVVK,IATVQSKLSD,STVLQSVTQE,DVVLQNNELM,VVVLQSKGYE,KPLVQSDAGA,PTTLQSCGVC,EAILQGTGLF,FSALQSIDNI,YPQLQSAWCG,,,,,,,,,
AJT47931.1,VSRLQAGFKK,GVRLQSSVVK,IATVQSKLSD,STVLQSVTQE,DVVLQNNELM,VVVLQSKGYE,KPLVQSDAGA,PTTLQSCGVC,EASLQGTGLF,FSALQSIDNI,YPQLQSAWCG,,,,,,,,,
APZ73660.1,VSRLQAGFKK,GVRLQSSVVK,IATVQSKLSD,STVLQSVTQE,DVVLQNNELM,VVVLQSKGYE,KPLVQSDAGA,PTTLQSCGVC,EASLQGTGLF,FSALQSIDNI,YPQLQSSWCG,,,,,,,,,
APY26735.1,VSRLQAGFKK,GVRLQSSVVK,IATVQSKLSD,STVLQSVTQE,DVVLQNNELM,VVVLQSKGYE,KPLVQSDAGA,PTTLQSCGVC,EVILQGTGLF,FSALQSIDNI,YPQLQSAWCG,,,,,,,,,
ARB66161.1,VSRLQAGFKK,GVRLQSSVVK,IATVQSKLSD,STVLQSVTQE,DVVLQNNELM,VVVLQSKGYE,KPSVQSDAGA,PTTLQSCGVC,EAILQGTGLF,FSALQSIDNI,YPQLQSAWCG,,,,,,,,,
APY26833.1,VSRLQAGFKK,GVRLQSSVVK,IATVQSKLSD,STVLQSVTQE,DVVLQNNELM,VVVLQSKGYE,KPSVQSDAGA,PTTLQSCGVC,EAILQGTGLF,FSALQSIDNI,YPQLQSAWTC,,,,,,,,,
API61789.1,VSRLQAGFKK,GVRLQSSVVK,IATVQSKLSD,STVLQSVTQE,DVVLQNNELM,VVVLQSKGYE,KPSVQSDAGA,PTTLQSCGVC,EAILQGTGLF,FSALQSIDNI,YPQLQSTWTC,,,,,,,,,
AZA07850.1,VSRLQAGFKK,GVRLQSSVVK,IATVQSKLSD,STVLQSVTQE,DVVLQNNELM,VVVLQSKGYE,KPSVQSDAGA,PTTLQSCGVC,EASLQGTGLF,FSALQSIDNI,YPQLQSAWCG,,,,,,,,,
ALC78737.1,VSRLQAGFKK,GVRLQSSVVK,IATVQSKLSD,STVLQSVTQE,DVVLQNNELM,VVVLQSKGYE,KPSVQSDAGA,PTTLQSCGVC,EASLQGTGLF,FSALQSIDNI,YPQLQSAWTC,,,,,,,,,
ARB66107.1,VSRLQAGFKK,GVRLQSSVVK,IATVQSKLSD,STVLQSVTQE,DVVLQNNELM,VVVLQSKGYE,KPSVQSDAGA,PTTLQSCGVC,GASLQGTGLF,FSALQSIDNI,YPQLQSAWCG,,,,,,,,,
QDA76281.1,VSRLQAGFKK,GVRLQSSVVK,IATVQSKLSD,STVLQSVTQE,DVVLQNNELM,VVVLQSKGYE,KPSVQSDAGV,PTTLQSCGVC,EAILQGTGLF,FSALQSIDNI,YPQLQSAWCG,,,,,,,,,
AQY55856.1,VSRLQAGFKK,GVRLQSSVVK,IATVQSKLSD,STVLQSVTQE,DVVLQNNELM,VVVLQSKGYE,KPSVQSDVGA,PTTLQSCGVC,EAILQGTGLF,FSALQSIDNI,YPQLQSAWCG,,,,,,,,,
AQD20736.1,VSRLQAGFKK,GVRLQSSVVK,IATVQSKLSD,STVLQSVTQE,DVVLQNNELM,VVVLQSKGYE,KSLVQSDAGA,PTTLQSCGVC,EAILQGTGLF,FSALQSIDNI,YPQLQSAWCG,,,,,,,,,
APZ73815.1,VSRLQAGFKK,GVRLQSSVVK,IATVQSKLSD,STVLQSVTQE,DVVLQNNELM,VVVLQSKGYE,KSLVQSDAGA,PTTLQSCGVC,EASLQGTGLF,FSALQSIDNI,YPQLQSAWCG,,,,,,,,,
YP_009825006.1,VSRLQAGFKK,GVRLQSSVVK,IATVQSKLSD,STVLQSVTQE,EASLQNNELM,VVVLQSKGHE,KPSVQSDAGA,PTTLQSCGVC,NVALQSTGLF,FSSLQSIDNI,YPQLQSAWKC,,,,,,,,,
AQY55892.1,VSRLQAGFKK,GVRLQSSVVK,IATVQSKLSD,STVLQSVTQE,GAVLQNNELM,VVVLQSKGYE,KPSVQSDAGA,PTTLQSCGVC,EAILQGTGLF,FSALQSIDNI,YPQLQSAWCG,,,,,,,,,
AZA07859.1,VSRLQAGFKK,GVRLQSSVVK,IVTVQSKLSD,STVLQSVTQE,DAVLQNNELM,VVVLQSKGYE,KPSVQSDAGA,PTTLQSCGVC,ETILQGTGLF,FSALQSIDNI,YPQLQSAWCG,,,,,,,,,
ARB66116.1,VSRLQAGFKK,GVRLQSSVVK,IVTVQSKLSD,STVLQSVTQE,DAVLQNNELM,VVVLQSKGYE,KPSVQSDAGV,PTTLQSCGVC,EAILQGTGLF,FSALQSIDNI,YPQLQSAWCG,,,,,,,,,
ATE90965.1,VSRLQAGFKK,GVRLQSSVVK,VATVQSKLID,STVLQSVTQE,DAVLQNNELM,VVVLQSKGYE,KPSVQSDAGA,PTTLQSCGVC,EAILQGTGLF,FSALQSIDNI,YPQLQSAWTC,,,,,,,,,
QDQ69197.1,VSRLQAGFKK,GVRLQSSVVR,IASVQSKLSD,STVLQSVTQE,DAALQNNELM,VVVLQSKGHE,KPSIQSAAGA,PTTLQSCGVC,EASLQGTGLF,FSALQSIDNI,YPQLQSAWTC,,,,,,,,,
QDQ69210.1,VSRLQAGFKK,GVRLQSSVVR,IASVQSKLSD,STVLQSVTQE,DAALQNNELM,VVVLQSKGHE,KPSVQSAAGA,PTTLQSCGVC,EASLQGTGLF,FSALQSIDNI,YPQLQSAWTC,,,,,,,,,
ADA83496.1,VSRLQAGFKK,GVRLQSSVVR,IATVQSKLSD,STVLQSVTQE,DVALQNNELM,VVVLQSKGHE,KPSVQSAAGV,PTTLQSCGVC,ETSLQGTGLF,FSALQSIDNI,YPQLQSAWTC,,,,,,,,,
APW85775.1,VSRLQAGFKK,GVSLQSSIVK,IATVQSKLSD,STVLQSVTQE,DAVLQNNELM,VVVLQSKGYE,KPSVQSDAGA,PTTLQSCGVC,EAILQGTGLF,FSALQSIDNI,YPQLQSAWCG,,,,,,,,,
ARB66125.1,VSRLQAGFKQ,GVRLQSSVVK,IATVQSKLSD,STVLQSVTQE,DVVLQNNELM,VVVLQSKGYE,KPLVQSDAGA,PTTLQSCGVC,EAILQGTGLF,FSALQSIDNI,YPQLQSAWCG,,,,,,,,,
ABW75136.1,VSRLQAGFMK,GVKLQSSIVR,IATVQSKLSD,STVLQSVTQE,DAALQNNELM,VVVLQSKGYE,KPSVQSAAGA,PTTLQSCGVC,ETSLQGTGLF,FSALQSIDNM,YPQLQSAWTC,,,,,,,,,
ABW75124.1,VSRLQAVFKK,GVRLQFSIVR,IATVQSKLSD,STVLQSVIQE,DAALQNNELM,VVVLQSKGHE,KPSVQLVAGA,PRTLQSCGVC,ETSLQGTGLF,FSALQSIDNI,YPQLQSAWTC,,,,,,,,,
CAC39112.1,VSRLQSGFKK,GVRLQSSFVR,IATVQAKLSD,STVLQSVTQE,DVVLQNNELM,VVVLQSKGHE,KSSVQSVAGA,PTTLQSCGVC,ETSLQGTGLF,FSALQSIDNI,YPQLQSAWTC,,,,,,,,,
YP_009824996.1,VSRLQTGFKK,GVRLQSSFVS,ISTVQSKLSD,STVLQSVTQE,DVALQNNELM,VVVLQSKGHE,KPSVQSVAVA,PTTLQSCGVC,VASLQGTGLF,FSALQSIDNI,YPQLQSAWTC,,,,,,,,,
YP_001876435.1,VTRLQAGIKK,GIVLQSNVKK,VSTVQSKLTD,ESVLQAVTDE,LALLQNNELL,VVALQHGVST,SLELQSVPQN,SPTLQASGVC,RGKLQSQTTG,FYKLQSLDQP,YPKLQADYWD,,,,,,,,,
